[
  {
    "model": "colors.colorfamily",
    "pk": 23,
    "fields": {
      "name_en": "Red",
      "name_ja": "赤色",
      "hex_color": "#FF3500",
      "order": 0
    }
  },
  {
    "model": "colors.colorfamily",
    "pk": 24,
    "fields": {
      "name_en": "Orange",
      "name_ja": "オレンジ色",
      "hex_color": "#FF8000",
      "order": 1
    }
  },
  {
    "model": "colors.colorfamily",
    "pk": 25,
    "fields": {
      "name_en": "Yellow",
      "name_ja": "黄色",
      "hex_color": "#FFB31A",
      "order": 2
    }
  },
  {
    "model": "colors.colorfamily",
    "pk": 26,
    "fields": {
      "name_en": "Green",
      "name_ja": "緑色",
      "hex_color": "#3D9960",
      "order": 3
    }
  },
  {
    "model": "colors.colorfamily",
    "pk": 27,
    "fields": {
      "name_en": "Blue",
      "name_ja": "青色",
      "hex_color": "#1A73FF",
      "order": 4
    }
  },
  {
    "model": "colors.colorfamily",
    "pk": 28,
    "fields": {
      "name_en": "Purple",
      "name_ja": "紫色",
      "hex_color": "#7A4DFF",
      "order": 5
    }
  },
  {
    "model": "colors.colorfamily",
    "pk": 29,
    "fields": {
      "name_en": "Pink",
      "name_ja": "ピンク色",
      "hex_color": "#FFEEED",
      "order": 6
    }
  },
  {
    "model": "colors.colorfamily",
    "pk": 30,
    "fields": {
      "name_en": "Brown",
      "name_ja": "茶色",
      "hex_color": "#804526",
      "order": 7
    }
  },
  {
    "model": "colors.colorfamily",
    "pk": 31,
    "fields": {
      "name_en": "Grey",
      "name_ja": "鼠色",
      "hex_color": "#737373",
      "order": 8
    }
  },
  {
    "model": "colors.colorfamily",
    "pk": 32,
    "fields": {
      "name_en": "White",
      "name_ja": "白",
      "hex_color": "#FFFFFF",
      "order": 9
    }
  },
  {
    "model": "colors.colorfamily",
    "pk": 33,
    "fields": {
      "name_en": "Black",
      "name_ja": "黒",
      "hex_color": "#000000",
      "order": 10
    }
  },
  {
    "model": "colors.color",
    "pk": 1,
    "fields": {
      "name_en": "Iwa Nezumi",
      "name_ja": "岩鼠",
      "description_en": "Rock Mouse",
      "hex_color": "#8B8B8B",
      "color_family": 31
    }
  },
  {
    "model": "colors.color",
    "pk": 2,
    "fields": {
      "name_en": "Akacha",
      "name_ja": "赤茶",
      "description_en": "Burnt Orange",
      "hex_color": "#D95A24",
      "color_family": 24
    }
  },
  {
    "model": "colors.color",
    "pk": 3,
    "fields": {
      "name_en": "Uguisu",
      "name_ja": "鶯",
      "description_en": "Nightengale Green",
      "hex_color": "#678131",
      "color_family": 26
    }
  },
  {
    "model": "colors.color",
    "pk": 4,
    "fields": {
      "name_en": "Gunjo",
      "name_ja": "群青",
      "description_en": "Azurite",
      "hex_color": "#0052CC",
      "color_family": 27
    }
  },
  {
    "model": "colors.color",
    "pk": 5,
    "fields": {
      "name_en": "Shinsha",
      "name_ja": "辰砂",
      "description_en": "Cinnabar",
      "hex_color": "#993333",
      "color_family": 23
    }
  },
  {
    "model": "colors.color",
    "pk": 6,
    "fields": {
      "name_en": "Fuji Murasaki",
      "name_ja": "藤紫（二)",
      "description_en": "Wisteria 2",
      "hex_color": "#875F9A",
      "color_family": 28
    }
  },
  {
    "model": "colors.color",
    "pk": 7,
    "fields": {
      "name_en": "Sakura Nezumi",
      "name_ja": "桜鼠",
      "description_en": "Pink Mouse",
      "hex_color": "#DBBCCB",
      "color_family": 31
    }
  },
  {
    "model": "colors.color",
    "pk": 8,
    "fields": {
      "name_en": "Iwa Momo",
      "name_ja": "岩桃",
      "description_en": "Rock Peach",
      "hex_color": "#ECACCB",
      "color_family": 29
    }
  },
  {
    "model": "colors.color",
    "pk": 9,
    "fields": {
      "name_en": "Rikyu Nezumi",
      "name_ja": "利久鼠",
      "description_en": "Blue Mouse Grey",
      "hex_color": "#99B7BB",
      "color_family": 31
    }
  },
  {
    "model": "colors.color",
    "pk": 10,
    "fields": {
      "name_en": "Iwa Beni",
      "name_ja": "岩紅",
      "description_en": "Rock Red",
      "hex_color": "#FF541A",
      "color_family": 23
    }
  },
  {
    "model": "colors.color",
    "pk": 11,
    "fields": {
      "name_en": "Beni Shinsha",
      "name_ja": "紅辰砂",
      "description_en": "Brick Red",
      "hex_color": "#83201F",
      "color_family": 23
    }
  },
  {
    "model": "colors.color",
    "pk": 12,
    "fields": {
      "name_en": "Odo",
      "name_ja": "黄土",
      "description_en": "Yellow Earth",
      "hex_color": "#D5B85C",
      "color_family": 25
    }
  },
  {
    "model": "colors.color",
    "pk": 13,
    "fields": {
      "name_en": "Kabacha",
      "name_ja": "樺茶",
      "description_en": "Yellow Tea",
      "hex_color": "#FFC121",
      "color_family": 25
    }
  },
  {
    "model": "colors.color",
    "pk": 14,
    "fields": {
      "name_en": "Kusa Rokusho",
      "name_ja": "草緑青",
      "description_en": "Grass Green",
      "hex_color": "#A3F390",
      "color_family": 26
    }
  },
  {
    "model": "colors.color",
    "pk": 15,
    "fields": {
      "name_en": "Koko wakaba rokusho",
      "name_ja": "黄口若葉緑青",
      "description_en": "Yellow Grass",
      "hex_color": "#BEFF80",
      "color_family": 26
    }
  },
  {
    "model": "colors.color",
    "pk": 16,
    "fields": {
      "name_en": "Uraha Rokusho",
      "name_ja": "裏葉緑青",
      "description_en": "Underleaf Green",
      "hex_color": "#CFFCDA",
      "color_family": 26
    }
  },
  {
    "model": "colors.color",
    "pk": 17,
    "fields": {
      "name_en": "Gosu",
      "name_ja": "呉須",
      "description_en": "Gosu",
      "hex_color": "#0D0F4D",
      "color_family": 27
    }
  },
  {
    "model": "colors.color",
    "pk": 18,
    "fields": {
      "name_en": "Ko gunroku",
      "name_ja": "濃群緑",
      "description_en": "Teal",
      "hex_color": "#0F909F",
      "color_family": 27
    }
  },
  {
    "model": "colors.color",
    "pk": 19,
    "fields": {
      "name_en": "Mizu Gunroku",
      "name_ja": "水群緑",
      "description_en": "Water Teal",
      "hex_color": "#218DAB",
      "color_family": 27
    }
  },
  {
    "model": "colors.color",
    "pk": 20,
    "fields": {
      "name_en": "Mizuasagi",
      "name_ja": "水浅黄",
      "description_en": "Water Blue",
      "hex_color": "#66AACB",
      "color_family": 27
    }
  },
  {
    "model": "colors.color",
    "pk": 21,
    "fields": {
      "name_en": "Iwa shiromidori",
      "name_ja": "岩白緑",
      "description_en": "Rock Light Blue",
      "hex_color": "#79C6EC",
      "color_family": 27
    }
  },
  {
    "model": "colors.color",
    "pk": 22,
    "fields": {
      "name_en": "Seiji-iro",
      "name_ja": "青磁色",
      "description_en": "Celadon",
      "hex_color": "#9BDFE2",
      "color_family": 27
    }
  },
  {
    "model": "colors.color",
    "pk": 23,
    "fields": {
      "name_en": "Iwa kon",
      "name_ja": "岩紺",
      "description_en": "Night Blue",
      "hex_color": "#293F7E",
      "color_family": 27
    }
  },
  {
    "model": "colors.color",
    "pk": 24,
    "fields": {
      "name_en": "Hatobairo",
      "name_ja": "鳩羽色",
      "description_en": "Pigeon Wing Color",
      "hex_color": "#846B99",
      "color_family": 28
    }
  },
  {
    "model": "colors.color",
    "pk": 25,
    "fields": {
      "name_en": "Nama Maruko",
      "name_ja": "生円子",
      "description_en": "Magenta",
      "hex_color": "#D2489A",
      "color_family": 29
    }
  },
  {
    "model": "colors.color",
    "pk": 26,
    "fields": {
      "name_en": "Awaguchi botan",
      "name_ja": "淡口牡丹",
      "description_en": "Light Peony",
      "hex_color": "#CA42AC",
      "color_family": 29
    }
  },
  {
    "model": "colors.color",
    "pk": 27,
    "fields": {
      "name_en": "Koikuchi botan",
      "name_ja": "濃口牡丹",
      "description_en": "Dark Peony",
      "hex_color": "#9A2390",
      "color_family": 29
    }
  },
  {
    "model": "colors.color",
    "pk": 28,
    "fields": {
      "name_en": "Azukicha",
      "name_ja": "小豆茶",
      "description_en": "Azuki Bean",
      "hex_color": "#572A2A",
      "color_family": 30
    }
  },
  {
    "model": "colors.color",
    "pk": 29,
    "fields": {
      "name_en": "Gancha",
      "name_ja": "岩茶",
      "description_en": "Rock Brown",
      "hex_color": "#804001",
      "color_family": 30
    }
  },
  {
    "model": "colors.color",
    "pk": 30,
    "fields": {
      "name_en": "Iwa taisha",
      "name_ja": "岩岱赭",
      "description_en": "Medium Brown",
      "hex_color": "#A5522D",
      "color_family": 30
    }
  },
  {
    "model": "colors.color",
    "pk": 31,
    "fields": {
      "name_en": "Murasaki nezu",
      "name_ja": "紫鼠",
      "description_en": "Purple Mouse Grey",
      "hex_color": "#CBBFD5",
      "color_family": 31
    }
  },
  {
    "model": "colors.color",
    "pk": 32,
    "fields": {
      "name_en": "Sugi hairo",
      "name_ja": "杉葉色",
      "description_en": "Cedar Leaf Color",
      "hex_color": "#44563C",
      "color_family": 26
    }
  },
  {
    "model": "colors.color",
    "pk": 33,
    "fields": {
      "name_en": "Gun-roku",
      "name_ja": "群録",
      "description_en": "Azurite & Malachite",
      "hex_color": "#00655B",
      "color_family": 26
    }
  },
  {
    "model": "colors.color",
    "pk": 34,
    "fields": {
      "name_en": "Asagi gunjo",
      "name_ja": "浅黄群青",
      "description_en": "Deep Blue",
      "hex_color": "#105D9C",
      "color_family": 27
    }
  },
  {
    "model": "colors.color",
    "pk": 35,
    "fields": {
      "name_en": "Kuro Gunjo",
      "name_ja": "黒群青",
      "description_en": "Black Ultramarine",
      "hex_color": "#19285B",
      "color_family": 27
    }
  },
  {
    "model": "colors.color",
    "pk": 36,
    "fields": {
      "name_en": "Iwa Kuro",
      "name_ja": "岩黒",
      "description_en": "Rock Black",
      "hex_color": "#262626",
      "color_family": 33
    }
  },
  {
    "model": "colors.color",
    "pk": 37,
    "fields": {
      "name_en": "Iwa Daidai",
      "name_ja": "岩橙",
      "description_en": "Rock Orange",
      "hex_color": "#FF8C19",
      "color_family": 24
    }
  },
  {
    "model": "colors.color",
    "pk": 38,
    "fields": {
      "name_en": "Hakusuimatsu",
      "name_ja": "白翠末",
      "description_en": "Amazonite",
      "hex_color": "#D3FFEE",
      "color_family": 26
    }
  },
  {
    "model": "colors.color",
    "pk": 39,
    "fields": {
      "name_en": "Akakuchi-Honshu",
      "name_ja": "赤口本朱",
      "description_en": "Mercury Sulfide",
      "hex_color": "#FF3300",
      "color_family": 23
    }
  },
  {
    "model": "colors.color",
    "pk": 40,
    "fields": {
      "name_en": "Iwa Kaba",
      "name_ja": "岩樺",
      "description_en": "Yellow Orange",
      "hex_color": "#FEB11C",
      "color_family": 24
    }
  },
  {
    "model": "colors.color",
    "pk": 41,
    "fields": {
      "name_en": "Kicha",
      "name_ja": "黄茶",
      "description_en": "Amber",
      "hex_color": "#FFC121",
      "color_family": 25
    }
  },
  {
    "model": "colors.color",
    "pk": 42,
    "fields": {
      "name_en": "Iwaki",
      "name_ja": "岩黄",
      "description_en": "Lemon",
      "hex_color": "#FEFF65",
      "color_family": 25
    }
  },
  {
    "model": "colors.color",
    "pk": 43,
    "fields": {
      "name_en": "Aoguchi Bi Iwa murasaki",
      "name_ja": "青口美岩紫",
      "description_en": "Violet",
      "hex_color": "#663BBA",
      "color_family": 28
    }
  },
  {
    "model": "colors.color",
    "pk": 44,
    "fields": {
      "name_en": "Chojicha",
      "name_ja": "丁子茶",
      "description_en": "Tiger's Eye",
      "hex_color": "#8E583C",
      "color_family": 30
    }
  },
  {
    "model": "colors.color",
    "pk": 45,
    "fields": {
      "name_en": "Iwakuro Rokusho",
      "name_ja": "岩黒緑青",
      "description_en": "Dark Green",
      "hex_color": "#203E29",
      "color_family": 26
    }
  },
  {
    "model": "colors.color",
    "pk": 46,
    "fields": {
      "name_en": "Aokuchi Souroku",
      "name_ja": "青口草緑",
      "description_en": "Fern",
      "hex_color": "#516E41",
      "color_family": 26
    }
  },
  {
    "model": "colors.color",
    "pk": 47,
    "fields": {
      "name_en": "Aoishi Ji-iro",
      "name_ja": "青石磁色",
      "description_en": "Blue Celadon",
      "hex_color": "#5DDCFF",
      "color_family": 27
    }
  },
  {
    "model": "colors.color",
    "pk": 48,
    "fields": {
      "name_en": "Iwa hada",
      "name_ja": "岩肌",
      "description_en": "Fair skin tone",
      "hex_color": "#F9CDA1",
      "color_family": 25
    }
  },
  {
    "model": "colors.color",
    "pk": 49,
    "fields": {
      "name_en": "Suishomatsu",
      "name_ja": "水晶末",
      "description_en": "Crystal",
      "hex_color": "#F4EFE1",
      "color_family": 32
    }
  },
  {
    "model": "colors.color",
    "pk": 50,
    "fields": {
      "name_en": "Iwa Kuro",
      "name_ja": "岩黒",
      "description_en": "Iron Oxide",
      "hex_color": "#152123",
      "color_family": 33
    }
  },
  {
    "model": "colors.color",
    "pk": 51,
    "fields": {
      "name_en": "Iwa Kincha",
      "name_ja": "岩金茶",
      "description_en": "Gold Tea",
      "hex_color": "#D1902C",
      "color_family": 30
    }
  },
  {
    "model": "colors.color",
    "pk": 52,
    "fields": {
      "name_en": "Meno matsu",
      "name_ja": "瑪瑙末",
      "description_en": "Agate",
      "hex_color": "#F5B687",
      "color_family": 24
    }
  },
  {
    "model": "colors.color",
    "pk": 53,
    "fields": {
      "name_en": "Midorimenou",
      "name_ja": "緑瑪瑙",
      "description_en": "Blood Stone",
      "hex_color": "#B3CEAC",
      "color_family": 26
    }
  },
  {
    "model": "colors.color",
    "pk": 54,
    "fields": {
      "name_en": "Kihekigyoku",
      "name_ja": "黄碧玉",
      "description_en": "Epidote",
      "hex_color": "#C6B87A",
      "color_family": 25
    }
  },
  {
    "model": "colors.color",
    "pk": 55,
    "fields": {
      "name_en": "Iwajiro",
      "name_ja": "岩白",
      "description_en": "Rock White",
      "hex_color": "#F0EFF4",
      "color_family": 32
    }
  },
  {
    "model": "colors.color",
    "pk": 56,
    "fields": {
      "name_en": "Zougeiro",
      "name_ja": "象牙色",
      "description_en": "Carnelian",
      "hex_color": "#FEEAD1",
      "color_family": 32
    }
  },
  {
    "model": "colors.color",
    "pk": 57,
    "fields": {
      "name_en": "Gin Nezumi",
      "name_ja": "銀鼠",
      "description_en": "Silver Mouse Grey",
      "hex_color": "#9DA79A",
      "color_family": 31
    }
  },
  {
    "model": "colors.color",
    "pk": 58,
    "fields": {
      "name_en": "Koikuchi Nezumi",
      "name_ja": "濃口鼠",
      "description_en": "Jasper",
      "hex_color": "#847967",
      "color_family": 31
    }
  },
  {
    "model": "colors.color",
    "pk": 59,
    "fields": {
      "name_en": "Akakuchi Taisha",
      "name_ja": "赤口岱赭",
      "description_en": "Rust",
      "hex_color": "#AC3F08",
      "color_family": 23
    }
  },
  {
    "model": "colors.color",
    "pk": 60,
    "fields": {
      "name_en": "Kogecha",
      "name_ja": "焦茶",
      "description_en": "Scorched Brown",
      "hex_color": "#453023",
      "color_family": 30
    }
  },
  {
    "model": "colors.color",
    "pk": 61,
    "fields": {
      "name_en": "Kuro Rokusho",
      "name_ja": "黒緑青",
      "description_en": "Black Green",
      "hex_color": "#0E3D32",
      "color_family": 26
    }
  },
  {
    "model": "colors.color",
    "pk": 62,
    "fields": {
      "name_en": "Uguisu Charoku",
      "name_ja": "鶯茶緑",
      "description_en": "Dark Olive",
      "hex_color": "#65663D",
      "color_family": 26
    }
  },
  {
    "model": "colors.color",
    "pk": 63,
    "fields": {
      "name_en": "Ki Charoku",
      "name_ja": "黄茶緑",
      "description_en": "Old Gold",
      "hex_color": "#CEBE23",
      "color_family": 25
    }
  },
  {
    "model": "colors.color",
    "pk": 64,
    "fields": {
      "name_en": "Kincha",
      "name_ja": "金茶",
      "description_en": "Gold Tea",
      "hex_color": "#DA8A0C",
      "color_family": 30
    }
  },
  {
    "model": "colors.color",
    "pk": 65,
    "fields": {
      "name_en": "Kikuchi Uraha",
      "name_ja": "黄口裏葉",
      "description_en": "Emerald",
      "hex_color": "#73CE75",
      "color_family": 26
    }
  },
  {
    "model": "colors.color",
    "pk": 66,
    "fields": {
      "name_en": "Wakaba",
      "name_ja": "若葉",
      "description_en": "Fresh Leaves",
      "hex_color": "#9FC214",
      "color_family": 26
    }
  },
  {
    "model": "colors.color",
    "pk": 67,
    "fields": {
      "name_en": "Souroku",
      "name_ja": "草緑",
      "description_en": "Grass Green",
      "hex_color": "#5C8409",
      "color_family": 26
    }
  },
  {
    "model": "colors.color",
    "pk": 68,
    "fields": {
      "name_en": "Yaki Rokusho",
      "name_ja": "焼緑青",
      "description_en": "Patina",
      "hex_color": "#496641",
      "color_family": 26
    }
  },
  {
    "model": "colors.color",
    "pk": 69,
    "fields": {
      "name_en": "Matsuba Rokusho",
      "name_ja": "松葉緑青",
      "description_en": "Malachite - Pine Needle Green",
      "hex_color": "#49A95F",
      "color_family": 26
    }
  },
  {
    "model": "colors.color",
    "pk": 70,
    "fields": {
      "name_en": "Rokusho",
      "name_ja": "緑青",
      "description_en": "Verdigris",
      "hex_color": "#3C884F",
      "color_family": 26
    }
  },
  {
    "model": "colors.color",
    "pk": 71,
    "fields": {
      "name_en": "Yamabuki",
      "name_ja": "山吹",
      "description_en": "Sunshine",
      "hex_color": "#FEDA1D",
      "color_family": 25
    }
  },
  {
    "model": "colors.color",
    "pk": 72,
    "fields": {
      "name_en": "Iwa Aka",
      "name_ja": "岩赤",
      "description_en": "Vermillion",
      "hex_color": "#DA291C",
      "color_family": 23
    }
  },
  {
    "model": "colors.color",
    "pk": 73,
    "fields": {
      "name_en": "Bi Gunjo",
      "name_ja": "美群青",
      "description_en": "Ultramarine",
      "hex_color": "#39229E",
      "color_family": 27
    }
  },
  {
    "model": "colors.color",
    "pk": 74,
    "fields": {
      "name_en": "Usukuchi Murasaki",
      "name_ja": "淡口紫",
      "description_en": "Light Purple",
      "hex_color": "#B483AE",
      "color_family": 28
    }
  },
  {
    "model": "colors.color",
    "pk": 75,
    "fields": {
      "name_en": "Usukuchi Iwaki",
      "name_ja": "淡口岩黄",
      "description_en": "Canary",
      "hex_color": "#FAED8E",
      "color_family": 25
    }
  },
  {
    "model": "colors.pigment",
    "pk": 1,
    "fields": {
      "color": 48,
      "category": "TI",
      "grain": 11,
      "hex_color": "#F9E9D7",
      "price": 0
    }
  },
  {
    "model": "colors.pigment",
    "pk": 2,
    "fields": {
      "color": 51,
      "category": "TI",
      "grain": 11,
      "hex_color": "#D19B44",
      "price": 0
    }
  },
  {
    "model": "colors.pigment",
    "pk": 3,
    "fields": {
      "color": 44,
      "category": "TI",
      "grain": 11,
      "hex_color": "#8E776A",
      "price": 0
    }
  },
  {
    "model": "colors.pigment",
    "pk": 4,
    "fields": {
      "color": 36,
      "category": "TI",
      "grain": 11,
      "hex_color": "#272727",
      "price": 0
    }
  },
  {
    "model": "colors.pigment",
    "pk": 5,
    "fields": {
      "color": 52,
      "category": "TI",
      "grain": 11,
      "hex_color": "#F5E3D5",
      "price": 0
    }
  },
  {
    "model": "colors.pigment",
    "pk": 6,
    "fields": {
      "color": 38,
      "category": "TI",
      "grain": 11,
      "hex_color": "#E3FFF4",
      "price": 0
    }
  },
  {
    "model": "colors.pigment",
    "pk": 7,
    "fields": {
      "color": 53,
      "category": "TI",
      "grain": 11,
      "hex_color": "#C1CEBE",
      "price": 0
    }
  },
  {
    "model": "colors.pigment",
    "pk": 8,
    "fields": {
      "color": 54,
      "category": "TI",
      "grain": 11,
      "hex_color": "#C6C1AD",
      "price": 0
    }
  },
  {
    "model": "colors.pigment",
    "pk": 9,
    "fields": {
      "color": 7,
      "category": "TI",
      "grain": 11,
      "hex_color": "#DBCDD3",
      "price": 0
    }
  },
  {
    "model": "colors.pigment",
    "pk": 10,
    "fields": {
      "color": 56,
      "category": "TI",
      "grain": 11,
      "hex_color": "#FEF5E7",
      "price": 0
    }
  },
  {
    "model": "colors.pigment",
    "pk": 11,
    "fields": {
      "color": 55,
      "category": "SI",
      "grain": 11,
      "hex_color": "#F0EFF4",
      "price": 0
    }
  },
  {
    "model": "colors.pigment",
    "pk": 12,
    "fields": {
      "color": 57,
      "category": "SI",
      "grain": 11,
      "hex_color": "#A1A79F",
      "price": 0
    }
  },
  {
    "model": "colors.pigment",
    "pk": 13,
    "fields": {
      "color": 58,
      "category": "SI",
      "grain": 11,
      "hex_color": "#847E74",
      "price": 0
    }
  },
  {
    "model": "colors.pigment",
    "pk": 14,
    "fields": {
      "color": 31,
      "category": "SI",
      "grain": 11,
      "hex_color": "#CFC7D5",
      "price": 0
    }
  },
  {
    "model": "colors.pigment",
    "pk": 15,
    "fields": {
      "color": 1,
      "category": "SI",
      "grain": 11,
      "hex_color": "#C7C7C7",
      "price": 0
    }
  },
  {
    "model": "colors.pigment",
    "pk": 16,
    "fields": {
      "color": 9,
      "category": "SI",
      "grain": 11,
      "hex_color": "#A9B9BB",
      "price": 0
    }
  },
  {
    "model": "colors.pigment",
    "pk": 17,
    "fields": {
      "color": 13,
      "category": "SI",
      "grain": 11,
      "hex_color": "#FFC42C",
      "price": 0
    }
  },
  {
    "model": "colors.pigment",
    "pk": 18,
    "fields": {
      "color": 59,
      "category": "SI",
      "grain": 11,
      "hex_color": "#AC4C12",
      "price": 0
    }
  },
  {
    "model": "colors.pigment",
    "pk": 19,
    "fields": {
      "color": 28,
      "category": "SI",
      "grain": 11,
      "hex_color": "#572D2D",
      "price": 0
    }
  },
  {
    "model": "colors.pigment",
    "pk": 20,
    "fields": {
      "color": 60,
      "category": "SI",
      "grain": 11,
      "hex_color": "#453329",
      "price": 0
    }
  },
  {
    "model": "colors.pigment",
    "pk": 21,
    "fields": {
      "color": 61,
      "category": "SI",
      "grain": 11,
      "hex_color": "#123D33",
      "price": 0
    }
  },
  {
    "model": "colors.pigment",
    "pk": 22,
    "fields": {
      "color": 62,
      "category": "SI",
      "grain": 11,
      "hex_color": "#65663D",
      "price": 0
    }
  },
  {
    "model": "colors.pigment",
    "pk": 23,
    "fields": {
      "color": 63,
      "category": "SI",
      "grain": 11,
      "hex_color": "#B4B62A",
      "price": 0
    }
  },
  {
    "model": "colors.pigment",
    "pk": 24,
    "fields": {
      "color": 64,
      "category": "SI",
      "grain": 11,
      "hex_color": "#DA921F",
      "price": 0
    }
  },
  {
    "model": "colors.pigment",
    "pk": 25,
    "fields": {
      "color": 68,
      "category": "SI",
      "grain": 11,
      "hex_color": "#374C31",
      "price": 0
    }
  },
  {
    "model": "colors.pigment",
    "pk": 26,
    "fields": {
      "color": 67,
      "category": "SI",
      "grain": 11,
      "hex_color": "#608410",
      "price": 0
    }
  },
  {
    "model": "colors.pigment",
    "pk": 27,
    "fields": {
      "color": 66,
      "category": "SI",
      "grain": 11,
      "hex_color": "#A4C241",
      "price": 0
    }
  },
  {
    "model": "colors.pigment",
    "pk": 28,
    "fields": {
      "color": 65,
      "category": "SI",
      "grain": 11,
      "hex_color": "#83CE83",
      "price": 0
    }
  },
  {
    "model": "colors.pigment",
    "pk": 29,
    "fields": {
      "color": 19,
      "category": "SI",
      "grain": 11,
      "hex_color": "#0A98B3",
      "price": 0
    }
  },
  {
    "model": "colors.pigment",
    "pk": 30,
    "fields": {
      "color": 69,
      "category": "SI",
      "grain": 11,
      "hex_color": "#5BA96F",
      "price": 0
    }
  },
  {
    "model": "colors.pigment",
    "pk": 31,
    "fields": {
      "color": 70,
      "category": "SI",
      "grain": 11,
      "hex_color": "#478857",
      "price": 0
    }
  },
  {
    "model": "colors.pigment",
    "pk": 32,
    "fields": {
      "color": 16,
      "category": "SI",
      "grain": 11,
      "hex_color": "#CFFCDA",
      "price": 0
    }
  },
  {
    "model": "colors.pigment",
    "pk": 33,
    "fields": {
      "color": 20,
      "category": "SI",
      "grain": 11,
      "hex_color": "#97CFEA",
      "price": 0
    }
  },
  {
    "model": "colors.pigment",
    "pk": 34,
    "fields": {
      "color": 34,
      "category": "SI",
      "grain": 11,
      "hex_color": "#0B7EDE",
      "price": 0
    }
  },
  {
    "model": "colors.pigment",
    "pk": 35,
    "fields": {
      "color": 4,
      "category": "SI",
      "grain": 11,
      "hex_color": "#0059DE",
      "price": 0
    }
  },
  {
    "model": "colors.pigment",
    "pk": 36,
    "fields": {
      "color": 73,
      "category": "SI",
      "grain": 11,
      "hex_color": "#4F2FDC",
      "price": 0
    }
  },
  {
    "model": "colors.pigment",
    "pk": 37,
    "fields": {
      "color": 8,
      "category": "SI",
      "grain": 11,
      "hex_color": "#ECACCB",
      "price": 0
    }
  },
  {
    "model": "colors.pigment",
    "pk": 38,
    "fields": {
      "color": 74,
      "category": "SI",
      "grain": 11,
      "hex_color": "#C992C2",
      "price": 1045
    }
  },
  {
    "model": "colors.pigment",
    "pk": 39,
    "fields": {
      "color": 23,
      "category": "SI",
      "grain": 11,
      "hex_color": "#304A94",
      "price": 1210
    }
  },
  {
    "model": "colors.pigment",
    "pk": 40,
    "fields": {
      "color": 35,
      "category": "SI",
      "grain": 11,
      "hex_color": "#19285B",
      "price": 1210
    }
  },
  {
    "model": "colors.pigment",
    "pk": 41,
    "fields": {
      "color": 37,
      "category": "SI",
      "grain": 11,
      "hex_color": "#FF890F",
      "price": 1540
    }
  },
  {
    "model": "colors.pigment",
    "pk": 42,
    "fields": {
      "color": 10,
      "category": "SI",
      "grain": 11,
      "hex_color": "#FF4E0D",
      "price": 1540
    }
  },
  {
    "model": "colors.pigment",
    "pk": 43,
    "fields": {
      "color": 72,
      "category": "SI",
      "grain": 11,
      "hex_color": "#EF2D1F",
      "price": 1870
    }
  },
  {
    "model": "colors.pigment",
    "pk": 44,
    "fields": {
      "color": 11,
      "category": "SI",
      "grain": 11,
      "hex_color": "#972524",
      "price": 1870
    }
  },
  {
    "model": "colors.pigment",
    "pk": 45,
    "fields": {
      "color": 75,
      "category": "SI",
      "grain": 11,
      "hex_color": "#FAED8E",
      "price": 770
    }
  },
  {
    "model": "colors.pigment",
    "pk": 46,
    "fields": {
      "color": 71,
      "category": "SI",
      "grain": 11,
      "hex_color": "#F3D80E",
      "price": 880
    }
  },
  {
    "model": "colors.pigment",
    "pk": 47,
    "fields": {
      "color": 12,
      "category": "SI",
      "grain": 11,
      "hex_color": "#D5B85C",
      "price": 770
    }
  },
  {
    "model": "colors.pigment",
    "pk": 48,
    "fields": {
      "color": 40,
      "category": "SI",
      "grain": 11,
      "hex_color": "#FEB11C",
      "price": 990
    }
  },
  { "model": "grains.grain", "pk": 5, "fields": { "label": "5" } },
  { "model": "grains.grain", "pk": 6, "fields": { "label": "6" } },
  { "model": "grains.grain", "pk": 7, "fields": { "label": "7" } },
  { "model": "grains.grain", "pk": 8, "fields": { "label": "8" } },
  { "model": "grains.grain", "pk": 9, "fields": { "label": "9" } },
  { "model": "grains.grain", "pk": 10, "fields": { "label": "10" } },
  { "model": "grains.grain", "pk": 11, "fields": { "label": "11" } },
  { "model": "grains.grain", "pk": 12, "fields": { "label": "12" } },
  { "model": "grains.grain", "pk": 13, "fields": { "label": "13" } },
  { "model": "grains.grain", "pk": 99, "fields": { "label": "白" } },
  { "model": "grains.grain", "pk": 100, "fields": { "label": "本朱" } },
  {
    "model": "categories.category",
    "pk": "GO",
    "fields": {
      "name_en": "Gofun",
      "name_ja": "胡粉",
      "description_en": "Natural Oyster Shell"
    }
  },
  {
    "model": "categories.category",
    "pk": "SH",
    "fields": {
      "name_en": "Suihi Enogu",
      "name_ja": "水飛絵具",
      "description_en": "Dyed Oyster Shell Pigment"
    }
  },
  {
    "model": "categories.category",
    "pk": "SI",
    "fields": {
      "name_en": "Shin Iwaenogu",
      "name_ja": "新岩絵具",
      "description_en": "Artificial Rock Pigment"
    }
  },
  {
    "model": "categories.category",
    "pk": "TI",
    "fields": {
      "name_en": "Tennen Iwaenogu",
      "name_ja": "天然岩絵具",
      "description_en": "Natural Rock Pigment"
    }
  },
  {
    "model": "categories.category",
    "pk": "TT",
    "fields": {
      "name_en": "Tennen Tsuchi Enogu",
      "name_ja": "天然土絵具",
      "description_en": "Natural Earth Pigment"
    }
  },
  {
    "model": "admin.logentry",
    "pk": 1,
    "fields": {
      "action_time": "2022-07-11T16:53:25.293Z",
      "user": 1,
      "content_type": 3,
      "object_id": "22",
      "object_repr": "黒 Black #000000",
      "action_flag": 3,
      "change_message": ""
    }
  },
  {
    "model": "admin.logentry",
    "pk": 2,
    "fields": {
      "action_time": "2022-07-11T16:53:25.307Z",
      "user": 1,
      "content_type": 3,
      "object_id": "21",
      "object_repr": "白 White #FFFFFF",
      "action_flag": 3,
      "change_message": ""
    }
  },
  {
    "model": "admin.logentry",
    "pk": 3,
    "fields": {
      "action_time": "2022-07-11T16:53:25.312Z",
      "user": 1,
      "content_type": 3,
      "object_id": "20",
      "object_repr": "鼠色 Grey #737373",
      "action_flag": 3,
      "change_message": ""
    }
  },
  {
    "model": "admin.logentry",
    "pk": 4,
    "fields": {
      "action_time": "2022-07-11T16:53:25.316Z",
      "user": 1,
      "content_type": 3,
      "object_id": "19",
      "object_repr": "茶色 Brown #804526",
      "action_flag": 3,
      "change_message": ""
    }
  },
  {
    "model": "admin.logentry",
    "pk": 5,
    "fields": {
      "action_time": "2022-07-11T16:53:25.318Z",
      "user": 1,
      "content_type": 3,
      "object_id": "18",
      "object_repr": "ピンク色 Pink #FFEEED",
      "action_flag": 3,
      "change_message": ""
    }
  },
  {
    "model": "admin.logentry",
    "pk": 6,
    "fields": {
      "action_time": "2022-07-11T16:53:25.326Z",
      "user": 1,
      "content_type": 3,
      "object_id": "17",
      "object_repr": "紫色 Purple #7A4DFF",
      "action_flag": 3,
      "change_message": ""
    }
  },
  {
    "model": "admin.logentry",
    "pk": 7,
    "fields": {
      "action_time": "2022-07-11T16:53:25.328Z",
      "user": 1,
      "content_type": 3,
      "object_id": "16",
      "object_repr": "青色 Blue #1A73FF",
      "action_flag": 3,
      "change_message": ""
    }
  },
  {
    "model": "admin.logentry",
    "pk": 8,
    "fields": {
      "action_time": "2022-07-11T16:53:25.333Z",
      "user": 1,
      "content_type": 3,
      "object_id": "15",
      "object_repr": "緑色 Green #3D9960",
      "action_flag": 3,
      "change_message": ""
    }
  },
  {
    "model": "admin.logentry",
    "pk": 9,
    "fields": {
      "action_time": "2022-07-11T16:53:25.336Z",
      "user": 1,
      "content_type": 3,
      "object_id": "14",
      "object_repr": "黄色 Yellow #FFB31A",
      "action_flag": 3,
      "change_message": ""
    }
  },
  {
    "model": "admin.logentry",
    "pk": 10,
    "fields": {
      "action_time": "2022-07-11T16:53:25.346Z",
      "user": 1,
      "content_type": 3,
      "object_id": "13",
      "object_repr": "オレンジ色 Orange #FF8000",
      "action_flag": 3,
      "change_message": ""
    }
  },
  {
    "model": "admin.logentry",
    "pk": 11,
    "fields": {
      "action_time": "2022-07-11T16:53:25.350Z",
      "user": 1,
      "content_type": 3,
      "object_id": "12",
      "object_repr": "赤色 Red #FF3500",
      "action_flag": 3,
      "change_message": ""
    }
  },
  {
    "model": "admin.logentry",
    "pk": 12,
    "fields": {
      "action_time": "2022-07-11T16:53:25.356Z",
      "user": 1,
      "content_type": 3,
      "object_id": "11",
      "object_repr": "黒 Black #000000",
      "action_flag": 3,
      "change_message": ""
    }
  },
  {
    "model": "admin.logentry",
    "pk": 13,
    "fields": {
      "action_time": "2022-07-11T16:53:25.358Z",
      "user": 1,
      "content_type": 3,
      "object_id": "10",
      "object_repr": "白 White #FFFFFF",
      "action_flag": 3,
      "change_message": ""
    }
  },
  {
    "model": "admin.logentry",
    "pk": 14,
    "fields": {
      "action_time": "2022-07-11T16:53:25.361Z",
      "user": 1,
      "content_type": 3,
      "object_id": "9",
      "object_repr": "鼠色 Grey #737373",
      "action_flag": 3,
      "change_message": ""
    }
  },
  {
    "model": "admin.logentry",
    "pk": 15,
    "fields": {
      "action_time": "2022-07-11T16:53:25.375Z",
      "user": 1,
      "content_type": 3,
      "object_id": "8",
      "object_repr": "茶色 Brown #804526",
      "action_flag": 3,
      "change_message": ""
    }
  },
  {
    "model": "admin.logentry",
    "pk": 16,
    "fields": {
      "action_time": "2022-07-11T16:53:25.384Z",
      "user": 1,
      "content_type": 3,
      "object_id": "7",
      "object_repr": "ピンク色 Pink #FFEEED",
      "action_flag": 3,
      "change_message": ""
    }
  },
  {
    "model": "admin.logentry",
    "pk": 17,
    "fields": {
      "action_time": "2022-07-11T16:53:25.399Z",
      "user": 1,
      "content_type": 3,
      "object_id": "6",
      "object_repr": "紫色 Purple #7A4DFF",
      "action_flag": 3,
      "change_message": ""
    }
  },
  {
    "model": "admin.logentry",
    "pk": 18,
    "fields": {
      "action_time": "2022-07-11T16:53:25.410Z",
      "user": 1,
      "content_type": 3,
      "object_id": "5",
      "object_repr": "青色 Blue #1A73FF",
      "action_flag": 3,
      "change_message": ""
    }
  },
  {
    "model": "admin.logentry",
    "pk": 19,
    "fields": {
      "action_time": "2022-07-11T16:53:25.416Z",
      "user": 1,
      "content_type": 3,
      "object_id": "4",
      "object_repr": "緑色 Green #3D9960",
      "action_flag": 3,
      "change_message": ""
    }
  },
  {
    "model": "admin.logentry",
    "pk": 20,
    "fields": {
      "action_time": "2022-07-11T16:53:25.419Z",
      "user": 1,
      "content_type": 3,
      "object_id": "3",
      "object_repr": "黄色 Yellow #FFB31A",
      "action_flag": 3,
      "change_message": ""
    }
  },
  {
    "model": "admin.logentry",
    "pk": 21,
    "fields": {
      "action_time": "2022-07-11T16:53:25.422Z",
      "user": 1,
      "content_type": 3,
      "object_id": "2",
      "object_repr": "オレンジ色 Orange #FF8000",
      "action_flag": 3,
      "change_message": ""
    }
  },
  {
    "model": "admin.logentry",
    "pk": 22,
    "fields": {
      "action_time": "2022-07-11T16:53:25.427Z",
      "user": 1,
      "content_type": 3,
      "object_id": "1",
      "object_repr": "赤色 Red #FF3500",
      "action_flag": 3,
      "change_message": ""
    }
  },
  {
    "model": "admin.logentry",
    "pk": 23,
    "fields": {
      "action_time": "2022-07-11T16:56:45.269Z",
      "user": 1,
      "content_type": 1,
      "object_id": "1",
      "object_repr": "岩鼠 Iwa Nezumi #8B8B8B",
      "action_flag": 1,
      "change_message": "[{\"added\": {}}]"
    }
  },
  {
    "model": "admin.logentry",
    "pk": 24,
    "fields": {
      "action_time": "2022-07-11T16:57:34.286Z",
      "user": 1,
      "content_type": 1,
      "object_id": "2",
      "object_repr": "赤茶 Akacha #D95A24",
      "action_flag": 1,
      "change_message": "[{\"added\": {}}]"
    }
  },
  {
    "model": "admin.logentry",
    "pk": 25,
    "fields": {
      "action_time": "2022-07-11T16:58:53.803Z",
      "user": 1,
      "content_type": 1,
      "object_id": "3",
      "object_repr": "鶯 Uguisu #678131",
      "action_flag": 1,
      "change_message": "[{\"added\": {}}]"
    }
  },
  {
    "model": "admin.logentry",
    "pk": 26,
    "fields": {
      "action_time": "2022-07-11T17:00:13.257Z",
      "user": 1,
      "content_type": 1,
      "object_id": "4",
      "object_repr": "群青 Gunjo #0052CC",
      "action_flag": 1,
      "change_message": "[{\"added\": {}}]"
    }
  },
  {
    "model": "admin.logentry",
    "pk": 27,
    "fields": {
      "action_time": "2022-07-11T17:01:15.252Z",
      "user": 1,
      "content_type": 1,
      "object_id": "5",
      "object_repr": "辰砂 Shinsha #993333",
      "action_flag": 1,
      "change_message": "[{\"added\": {}}]"
    }
  },
  {
    "model": "admin.logentry",
    "pk": 28,
    "fields": {
      "action_time": "2022-07-11T17:02:25.695Z",
      "user": 1,
      "content_type": 1,
      "object_id": "6",
      "object_repr": "藤紫（二) Fuji Murasaki #875F9A",
      "action_flag": 1,
      "change_message": "[{\"added\": {}}]"
    }
  },
  {
    "model": "admin.logentry",
    "pk": 29,
    "fields": {
      "action_time": "2022-07-11T17:02:39.063Z",
      "user": 1,
      "content_type": 1,
      "object_id": "6",
      "object_repr": "藤紫（二) Fuji Murasaki #875F9A",
      "action_flag": 2,
      "change_message": "[{\"changed\": {\"fields\": [\"Color family\"]}}]"
    }
  },
  {
    "model": "admin.logentry",
    "pk": 30,
    "fields": {
      "action_time": "2022-07-11T17:04:45.847Z",
      "user": 1,
      "content_type": 1,
      "object_id": "7",
      "object_repr": "桜鼠 Sakura Nezumi #DBBCCB",
      "action_flag": 1,
      "change_message": "[{\"added\": {}}]"
    }
  },
  {
    "model": "admin.logentry",
    "pk": 31,
    "fields": {
      "action_time": "2022-07-11T17:05:34.506Z",
      "user": 1,
      "content_type": 1,
      "object_id": "8",
      "object_repr": "岩桃 Iwa Momo #ECACCB",
      "action_flag": 1,
      "change_message": "[{\"added\": {}}]"
    }
  },
  {
    "model": "admin.logentry",
    "pk": 32,
    "fields": {
      "action_time": "2022-07-11T17:07:02.294Z",
      "user": 1,
      "content_type": 1,
      "object_id": "9",
      "object_repr": "利久鼠 ??? Mouse #99B7BB",
      "action_flag": 1,
      "change_message": "[{\"added\": {}}]"
    }
  },
  {
    "model": "admin.logentry",
    "pk": 33,
    "fields": {
      "action_time": "2022-07-11T17:08:59.600Z",
      "user": 1,
      "content_type": 1,
      "object_id": "10",
      "object_repr": "岩紅 Iwa Beni #FF541A",
      "action_flag": 1,
      "change_message": "[{\"added\": {}}]"
    }
  },
  {
    "model": "admin.logentry",
    "pk": 34,
    "fields": {
      "action_time": "2022-07-11T17:10:29.669Z",
      "user": 1,
      "content_type": 1,
      "object_id": "11",
      "object_repr": "紅辰砂 Beni Shinsha #83201F",
      "action_flag": 1,
      "change_message": "[{\"added\": {}}]"
    }
  },
  {
    "model": "admin.logentry",
    "pk": 35,
    "fields": {
      "action_time": "2022-07-11T17:13:48.338Z",
      "user": 1,
      "content_type": 1,
      "object_id": "12",
      "object_repr": "黄土 Odo #D5B85C",
      "action_flag": 1,
      "change_message": "[{\"added\": {}}]"
    }
  },
  {
    "model": "admin.logentry",
    "pk": 36,
    "fields": {
      "action_time": "2022-07-11T17:17:34.368Z",
      "user": 1,
      "content_type": 1,
      "object_id": "13",
      "object_repr": "樺茶 ?? Cha #FFC121",
      "action_flag": 1,
      "change_message": "[{\"added\": {}}]"
    }
  },
  {
    "model": "admin.logentry",
    "pk": 37,
    "fields": {
      "action_time": "2022-07-12T01:24:11.276Z",
      "user": 1,
      "content_type": 1,
      "object_id": "14",
      "object_repr": "草緑青 Kusa Rokusho #A3F390",
      "action_flag": 1,
      "change_message": "[{\"added\": {}}]"
    }
  },
  {
    "model": "admin.logentry",
    "pk": 38,
    "fields": {
      "action_time": "2022-07-12T01:27:52.191Z",
      "user": 1,
      "content_type": 1,
      "object_id": "15",
      "object_repr": "黄口若葉緑青 Koko wakaba rokusho #BEFF80",
      "action_flag": 1,
      "change_message": "[{\"added\": {}}]"
    }
  },
  {
    "model": "admin.logentry",
    "pk": 39,
    "fields": {
      "action_time": "2022-07-12T01:29:21.379Z",
      "user": 1,
      "content_type": 1,
      "object_id": "16",
      "object_repr": "裏葉緑青 Uraha Rokusho #CFFCDA",
      "action_flag": 1,
      "change_message": "[{\"added\": {}}]"
    }
  },
  {
    "model": "admin.logentry",
    "pk": 40,
    "fields": {
      "action_time": "2022-07-12T01:32:00.931Z",
      "user": 1,
      "content_type": 1,
      "object_id": "17",
      "object_repr": "呉須 Gosu #0D0F4D",
      "action_flag": 1,
      "change_message": "[{\"added\": {}}]"
    }
  },
  {
    "model": "admin.logentry",
    "pk": 41,
    "fields": {
      "action_time": "2022-07-12T01:33:04.597Z",
      "user": 1,
      "content_type": 1,
      "object_id": "18",
      "object_repr": "濃群緑 Ko gunroku #0F909F",
      "action_flag": 1,
      "change_message": "[{\"added\": {}}]"
    }
  },
  {
    "model": "admin.logentry",
    "pk": 42,
    "fields": {
      "action_time": "2022-07-12T01:35:15.189Z",
      "user": 1,
      "content_type": 1,
      "object_id": "19",
      "object_repr": "水群緑 Mizu Gunroku #218DAB",
      "action_flag": 1,
      "change_message": "[{\"added\": {}}]"
    }
  },
  {
    "model": "admin.logentry",
    "pk": 43,
    "fields": {
      "action_time": "2022-07-12T01:39:13.133Z",
      "user": 1,
      "content_type": 1,
      "object_id": "20",
      "object_repr": "水浅黄 Mizuasagi #66AACB",
      "action_flag": 1,
      "change_message": "[{\"added\": {}}]"
    }
  },
  {
    "model": "admin.logentry",
    "pk": 44,
    "fields": {
      "action_time": "2022-07-12T01:41:05.326Z",
      "user": 1,
      "content_type": 1,
      "object_id": "21",
      "object_repr": "岩白緑 Iwa shiromidori #79C6EC",
      "action_flag": 1,
      "change_message": "[{\"added\": {}}]"
    }
  },
  {
    "model": "admin.logentry",
    "pk": 45,
    "fields": {
      "action_time": "2022-07-12T01:42:07.672Z",
      "user": 1,
      "content_type": 1,
      "object_id": "22",
      "object_repr": "青磁色 Seiji-iro #9BDFE2",
      "action_flag": 1,
      "change_message": "[{\"added\": {}}]"
    }
  },
  {
    "model": "admin.logentry",
    "pk": 46,
    "fields": {
      "action_time": "2022-07-12T01:42:17.625Z",
      "user": 1,
      "content_type": 1,
      "object_id": "22",
      "object_repr": "青磁色 Seiji-iro #9BDFE2",
      "action_flag": 2,
      "change_message": "[{\"changed\": {\"fields\": [\"Color family\"]}}]"
    }
  },
  {
    "model": "admin.logentry",
    "pk": 47,
    "fields": {
      "action_time": "2022-07-12T01:42:25.780Z",
      "user": 1,
      "content_type": 1,
      "object_id": "7",
      "object_repr": "桜鼠 Sakura Nezumi #DBBCCB",
      "action_flag": 2,
      "change_message": "[{\"changed\": {\"fields\": [\"Color family\"]}}]"
    }
  },
  {
    "model": "admin.logentry",
    "pk": 48,
    "fields": {
      "action_time": "2022-07-12T01:44:02.192Z",
      "user": 1,
      "content_type": 1,
      "object_id": "23",
      "object_repr": "岩紺 Iwa kon #363B88",
      "action_flag": 1,
      "change_message": "[{\"added\": {}}]"
    }
  },
  {
    "model": "admin.logentry",
    "pk": 49,
    "fields": {
      "action_time": "2022-07-12T01:44:58.572Z",
      "user": 1,
      "content_type": 1,
      "object_id": "24",
      "object_repr": "鳩羽色 Hatobairo #846B99",
      "action_flag": 1,
      "change_message": "[{\"added\": {}}]"
    }
  },
  {
    "model": "admin.logentry",
    "pk": 50,
    "fields": {
      "action_time": "2022-07-12T07:09:47.202Z",
      "user": 1,
      "content_type": 1,
      "object_id": "25",
      "object_repr": "生円子 Nama Maruko #D2489A",
      "action_flag": 1,
      "change_message": "[{\"added\": {}}]"
    }
  },
  {
    "model": "admin.logentry",
    "pk": 51,
    "fields": {
      "action_time": "2022-07-12T07:10:45.424Z",
      "user": 1,
      "content_type": 1,
      "object_id": "26",
      "object_repr": "淡口牡丹 Awaguchi botan #CA42AC",
      "action_flag": 1,
      "change_message": "[{\"added\": {}}]"
    }
  },
  {
    "model": "admin.logentry",
    "pk": 52,
    "fields": {
      "action_time": "2022-07-12T07:11:35.283Z",
      "user": 1,
      "content_type": 1,
      "object_id": "27",
      "object_repr": "濃口牡丹 Koikuchi botan #9A2390",
      "action_flag": 1,
      "change_message": "[{\"added\": {}}]"
    }
  },
  {
    "model": "admin.logentry",
    "pk": 53,
    "fields": {
      "action_time": "2022-07-12T07:11:44.151Z",
      "user": 1,
      "content_type": 1,
      "object_id": "25",
      "object_repr": "生円子 Nama Maruko #D2489A",
      "action_flag": 2,
      "change_message": "[{\"changed\": {\"fields\": [\"Color family\"]}}]"
    }
  },
  {
    "model": "admin.logentry",
    "pk": 54,
    "fields": {
      "action_time": "2022-07-12T07:13:25.201Z",
      "user": 1,
      "content_type": 1,
      "object_id": "28",
      "object_repr": "小豆茶 Azukicha #572A2A",
      "action_flag": 1,
      "change_message": "[{\"added\": {}}]"
    }
  },
  {
    "model": "admin.logentry",
    "pk": 55,
    "fields": {
      "action_time": "2022-07-12T07:14:16.981Z",
      "user": 1,
      "content_type": 1,
      "object_id": "29",
      "object_repr": "岩茶 Gancha #804001",
      "action_flag": 1,
      "change_message": "[{\"added\": {}}]"
    }
  },
  {
    "model": "admin.logentry",
    "pk": 56,
    "fields": {
      "action_time": "2022-07-12T07:14:59.873Z",
      "user": 1,
      "content_type": 1,
      "object_id": "30",
      "object_repr": "岩岱赭 Iwa taisha #A5522D",
      "action_flag": 1,
      "change_message": "[{\"added\": {}}]"
    }
  },
  {
    "model": "admin.logentry",
    "pk": 57,
    "fields": {
      "action_time": "2022-07-12T07:16:02.375Z",
      "user": 1,
      "content_type": 1,
      "object_id": "31",
      "object_repr": "紫鼠 Murasaki nezu #CBBFD5",
      "action_flag": 1,
      "change_message": "[{\"added\": {}}]"
    }
  },
  {
    "model": "admin.logentry",
    "pk": 58,
    "fields": {
      "action_time": "2022-07-12T07:17:02.078Z",
      "user": 1,
      "content_type": 1,
      "object_id": "32",
      "object_repr": "杉葉色 Sugi hairo #44563C",
      "action_flag": 1,
      "change_message": "[{\"added\": {}}]"
    }
  },
  {
    "model": "admin.logentry",
    "pk": 59,
    "fields": {
      "action_time": "2022-07-12T07:19:50.427Z",
      "user": 1,
      "content_type": 1,
      "object_id": "33",
      "object_repr": "群録 Gun-roku #00655B",
      "action_flag": 1,
      "change_message": "[{\"added\": {}}]"
    }
  },
  {
    "model": "admin.logentry",
    "pk": 60,
    "fields": {
      "action_time": "2022-07-12T07:22:27.581Z",
      "user": 1,
      "content_type": 1,
      "object_id": "34",
      "object_repr": "浅黄群青 Asagi gunjo #105D9C",
      "action_flag": 1,
      "change_message": "[{\"added\": {}}]"
    }
  },
  {
    "model": "admin.logentry",
    "pk": 61,
    "fields": {
      "action_time": "2022-07-12T07:23:32.605Z",
      "user": 1,
      "content_type": 1,
      "object_id": "35",
      "object_repr": "黒群青 Kuro Gunjo #19285B",
      "action_flag": 1,
      "change_message": "[{\"added\": {}}]"
    }
  },
  {
    "model": "admin.logentry",
    "pk": 62,
    "fields": {
      "action_time": "2022-07-12T07:26:14.876Z",
      "user": 1,
      "content_type": 1,
      "object_id": "36",
      "object_repr": "岩黒 Iwa Kuro #262626",
      "action_flag": 1,
      "change_message": "[{\"added\": {}}]"
    }
  },
  {
    "model": "admin.logentry",
    "pk": 63,
    "fields": {
      "action_time": "2022-07-12T07:27:38.362Z",
      "user": 1,
      "content_type": 1,
      "object_id": "37",
      "object_repr": "岩橙 Iwa Daidai #FF8C19",
      "action_flag": 1,
      "change_message": "[{\"added\": {}}]"
    }
  },
  {
    "model": "admin.logentry",
    "pk": 64,
    "fields": {
      "action_time": "2022-07-12T07:29:13.804Z",
      "user": 1,
      "content_type": 1,
      "object_id": "38",
      "object_repr": "白翠末 Hakusuimatsu #D3FFEE",
      "action_flag": 1,
      "change_message": "[{\"added\": {}}]"
    }
  },
  {
    "model": "admin.logentry",
    "pk": 65,
    "fields": {
      "action_time": "2022-07-12T07:30:22.587Z",
      "user": 1,
      "content_type": 1,
      "object_id": "39",
      "object_repr": "赤口本朱 Akakuchi-Honshu #FF3300",
      "action_flag": 1,
      "change_message": "[{\"added\": {}}]"
    }
  },
  {
    "model": "admin.logentry",
    "pk": 66,
    "fields": {
      "action_time": "2022-07-12T07:31:37.606Z",
      "user": 1,
      "content_type": 1,
      "object_id": "40",
      "object_repr": "岩何 Iwa Nani #FEB11C",
      "action_flag": 1,
      "change_message": "[{\"added\": {}}]"
    }
  },
  {
    "model": "admin.logentry",
    "pk": 67,
    "fields": {
      "action_time": "2022-07-12T07:31:53.552Z",
      "user": 1,
      "content_type": 1,
      "object_id": "40",
      "object_repr": "岩何 Iwa Nani #FEB11C",
      "action_flag": 2,
      "change_message": "[{\"changed\": {\"fields\": [\"Color family\"]}}]"
    }
  },
  {
    "model": "admin.logentry",
    "pk": 68,
    "fields": {
      "action_time": "2022-07-12T07:32:15.698Z",
      "user": 1,
      "content_type": 1,
      "object_id": "40",
      "object_repr": "岩何 Iwa Nani #FEB11C",
      "action_flag": 2,
      "change_message": "[{\"changed\": {\"fields\": [\"Color family\"]}}]"
    }
  },
  {
    "model": "admin.logentry",
    "pk": 69,
    "fields": {
      "action_time": "2022-07-12T07:33:20.586Z",
      "user": 1,
      "content_type": 1,
      "object_id": "41",
      "object_repr": "黄茶 Kicha #FFC121",
      "action_flag": 1,
      "change_message": "[{\"added\": {}}]"
    }
  },
  {
    "model": "admin.logentry",
    "pk": 70,
    "fields": {
      "action_time": "2022-07-12T07:33:33.830Z",
      "user": 1,
      "content_type": 1,
      "object_id": "41",
      "object_repr": "黄茶 Kicha #FFC121",
      "action_flag": 2,
      "change_message": "[{\"changed\": {\"fields\": [\"Description en\"]}}]"
    }
  },
  {
    "model": "admin.logentry",
    "pk": 71,
    "fields": {
      "action_time": "2022-07-12T07:34:52.877Z",
      "user": 1,
      "content_type": 1,
      "object_id": "42",
      "object_repr": "岩黄 Iwaki #FEFF65",
      "action_flag": 1,
      "change_message": "[{\"added\": {}}]"
    }
  },
  {
    "model": "admin.logentry",
    "pk": 72,
    "fields": {
      "action_time": "2022-07-12T07:35:22.878Z",
      "user": 1,
      "content_type": 1,
      "object_id": "40",
      "object_repr": "岩何 Iwa Nani #FEB11C",
      "action_flag": 2,
      "change_message": "[{\"changed\": {\"fields\": [\"Color family\"]}}]"
    }
  },
  {
    "model": "admin.logentry",
    "pk": 73,
    "fields": {
      "action_time": "2022-07-12T07:38:32.679Z",
      "user": 1,
      "content_type": 1,
      "object_id": "43",
      "object_repr": "青口美岩紫 Aoguchi Bi Iwa murasaki #663BBA",
      "action_flag": 1,
      "change_message": "[{\"added\": {}}]"
    }
  },
  {
    "model": "admin.logentry",
    "pk": 74,
    "fields": {
      "action_time": "2022-07-12T07:39:40.877Z",
      "user": 1,
      "content_type": 1,
      "object_id": "9",
      "object_repr": "利久鼠 Rikyu Nezumi #99B7BB",
      "action_flag": 2,
      "change_message": "[{\"changed\": {\"fields\": [\"Name en\", \"Description en\"]}}]"
    }
  },
  {
    "model": "admin.logentry",
    "pk": 75,
    "fields": {
      "action_time": "2022-07-12T07:40:10.449Z",
      "user": 1,
      "content_type": 1,
      "object_id": "13",
      "object_repr": "樺茶 Kabacha #FFC121",
      "action_flag": 2,
      "change_message": "[{\"changed\": {\"fields\": [\"Name en\"]}}]"
    }
  },
  {
    "model": "admin.logentry",
    "pk": 76,
    "fields": {
      "action_time": "2022-07-13T06:12:16.494Z",
      "user": 1,
      "content_type": 1,
      "object_id": "44",
      "object_repr": "丁子茶 Chojicha #8E583C",
      "action_flag": 1,
      "change_message": "[{\"added\": {}}]"
    }
  },
  {
    "model": "admin.logentry",
    "pk": 77,
    "fields": {
      "action_time": "2022-07-13T06:14:13.032Z",
      "user": 1,
      "content_type": 1,
      "object_id": "45",
      "object_repr": "岩黒緑青 Iwakuro Rokusho #203E29",
      "action_flag": 1,
      "change_message": "[{\"added\": {}}]"
    }
  },
  {
    "model": "admin.logentry",
    "pk": 78,
    "fields": {
      "action_time": "2022-07-13T06:16:15.728Z",
      "user": 1,
      "content_type": 1,
      "object_id": "46",
      "object_repr": "青口草緑 Aokuchi Souroku #516E41",
      "action_flag": 1,
      "change_message": "[{\"added\": {}}]"
    }
  },
  {
    "model": "admin.logentry",
    "pk": 79,
    "fields": {
      "action_time": "2022-07-13T06:16:30.739Z",
      "user": 1,
      "content_type": 1,
      "object_id": "44",
      "object_repr": "丁子茶 Chojicha #8E583C",
      "action_flag": 2,
      "change_message": "[{\"changed\": {\"fields\": [\"Description en\"]}}]"
    }
  },
  {
    "model": "admin.logentry",
    "pk": 80,
    "fields": {
      "action_time": "2022-07-13T06:20:35.961Z",
      "user": 1,
      "content_type": 1,
      "object_id": "47",
      "object_repr": "青石磁色 Aoishi Jiiro #5DDCFF",
      "action_flag": 1,
      "change_message": "[{\"added\": {}}]"
    }
  },
  {
    "model": "admin.logentry",
    "pk": 81,
    "fields": {
      "action_time": "2022-07-13T06:21:37.947Z",
      "user": 1,
      "content_type": 1,
      "object_id": "47",
      "object_repr": "青石磁色 Aoishi Ji-iro #5DDCFF",
      "action_flag": 2,
      "change_message": "[{\"changed\": {\"fields\": [\"Name en\", \"Description en\"]}}]"
    }
  },
  {
    "model": "admin.logentry",
    "pk": 82,
    "fields": {
      "action_time": "2022-07-13T06:22:44.329Z",
      "user": 1,
      "content_type": 1,
      "object_id": "48",
      "object_repr": "岩肌 Iwa hada #F9CDA1",
      "action_flag": 1,
      "change_message": "[{\"added\": {}}]"
    }
  },
  {
    "model": "admin.logentry",
    "pk": 83,
    "fields": {
      "action_time": "2022-07-13T06:24:35.983Z",
      "user": 1,
      "content_type": 1,
      "object_id": "40",
      "object_repr": "岩何 Iwa Nani #FEB11C",
      "action_flag": 2,
      "change_message": "[]"
    }
  },
  {
    "model": "admin.logentry",
    "pk": 84,
    "fields": {
      "action_time": "2022-07-13T06:26:14.437Z",
      "user": 1,
      "content_type": 1,
      "object_id": "49",
      "object_repr": "水晶末 Suishomatsu #F4EFE1",
      "action_flag": 1,
      "change_message": "[{\"added\": {}}]"
    }
  },
  {
    "model": "admin.logentry",
    "pk": 85,
    "fields": {
      "action_time": "2022-07-13T06:27:46.885Z",
      "user": 1,
      "content_type": 1,
      "object_id": "50",
      "object_repr": "岩黒 Iwa Kuro #152123",
      "action_flag": 1,
      "change_message": "[{\"added\": {}}]"
    }
  },
  {
    "model": "admin.logentry",
    "pk": 86,
    "fields": {
      "action_time": "2022-07-13T06:29:06.766Z",
      "user": 1,
      "content_type": 1,
      "object_id": "40",
      "object_repr": "岩樺 Iwa Kaba #FEB11C",
      "action_flag": 2,
      "change_message": "[{\"changed\": {\"fields\": [\"Name en\", \"Name ja\"]}}]"
    }
  },
  {
    "model": "admin.logentry",
    "pk": 87,
    "fields": {
      "action_time": "2022-07-13T06:30:27.770Z",
      "user": 1,
      "content_type": 1,
      "object_id": "51",
      "object_repr": "岩金茶 Iwa Kincha #D1902C",
      "action_flag": 1,
      "change_message": "[{\"added\": {}}]"
    }
  },
  {
    "model": "admin.logentry",
    "pk": 88,
    "fields": {
      "action_time": "2022-07-13T12:28:38.384Z",
      "user": 1,
      "content_type": 1,
      "object_id": "52",
      "object_repr": "瑪瑙末 Meno matsu #E0A77C",
      "action_flag": 1,
      "change_message": "[{\"added\": {}}]"
    }
  },
  {
    "model": "admin.logentry",
    "pk": 89,
    "fields": {
      "action_time": "2022-07-13T12:29:30.925Z",
      "user": 1,
      "content_type": 1,
      "object_id": "52",
      "object_repr": "瑪瑙末 Meno matsu #F5B687",
      "action_flag": 2,
      "change_message": "[{\"changed\": {\"fields\": [\"Hex color\"]}}]"
    }
  },
  {
    "model": "admin.logentry",
    "pk": 90,
    "fields": {
      "action_time": "2022-07-13T12:32:14.842Z",
      "user": 1,
      "content_type": 1,
      "object_id": "53",
      "object_repr": "緑瑪瑙 Midorimenou #B3CEAC",
      "action_flag": 1,
      "change_message": "[{\"added\": {}}]"
    }
  },
  {
    "model": "admin.logentry",
    "pk": 91,
    "fields": {
      "action_time": "2022-07-13T12:36:53.081Z",
      "user": 1,
      "content_type": 1,
      "object_id": "54",
      "object_repr": "黄碧玉 Kihekigyoku #C6B87A",
      "action_flag": 1,
      "change_message": "[{\"added\": {}}]"
    }
  },
  {
    "model": "admin.logentry",
    "pk": 92,
    "fields": {
      "action_time": "2022-07-13T12:41:18.127Z",
      "user": 1,
      "content_type": 1,
      "object_id": "55",
      "object_repr": "岩白 Iwajiro #F0EFF4",
      "action_flag": 1,
      "change_message": "[{\"added\": {}}]"
    }
  },
  {
    "model": "admin.logentry",
    "pk": 93,
    "fields": {
      "action_time": "2022-07-13T12:44:30.381Z",
      "user": 1,
      "content_type": 1,
      "object_id": "56",
      "object_repr": "象牙色 Zougeiro #FEEAD1",
      "action_flag": 1,
      "change_message": "[{\"added\": {}}]"
    }
  },
  {
    "model": "admin.logentry",
    "pk": 94,
    "fields": {
      "action_time": "2022-07-13T12:46:14.136Z",
      "user": 1,
      "content_type": 1,
      "object_id": "57",
      "object_repr": "銀鼠 Gin Nezumi #9DA79A",
      "action_flag": 1,
      "change_message": "[{\"added\": {}}]"
    }
  },
  {
    "model": "admin.logentry",
    "pk": 95,
    "fields": {
      "action_time": "2022-07-13T12:49:23.688Z",
      "user": 1,
      "content_type": 1,
      "object_id": "58",
      "object_repr": "濃口鼠 Koikuchi Nezumi #847967",
      "action_flag": 1,
      "change_message": "[{\"added\": {}}]"
    }
  },
  {
    "model": "admin.logentry",
    "pk": 96,
    "fields": {
      "action_time": "2022-07-13T12:51:09.438Z",
      "user": 1,
      "content_type": 1,
      "object_id": "58",
      "object_repr": "濃口鼠 Koikuchi Nezumi #847967",
      "action_flag": 2,
      "change_message": "[]"
    }
  },
  {
    "model": "admin.logentry",
    "pk": 97,
    "fields": {
      "action_time": "2022-07-13T12:51:56.658Z",
      "user": 1,
      "content_type": 1,
      "object_id": "59",
      "object_repr": "赤口岱赭 Akakuchi Taisha #AC3F08",
      "action_flag": 1,
      "change_message": "[{\"added\": {}}]"
    }
  },
  {
    "model": "admin.logentry",
    "pk": 98,
    "fields": {
      "action_time": "2022-07-13T12:55:35.973Z",
      "user": 1,
      "content_type": 1,
      "object_id": "60",
      "object_repr": "焦茶 Kogecha #453023",
      "action_flag": 1,
      "change_message": "[{\"added\": {}}]"
    }
  },
  {
    "model": "admin.logentry",
    "pk": 99,
    "fields": {
      "action_time": "2022-07-13T12:59:51.156Z",
      "user": 1,
      "content_type": 1,
      "object_id": "61",
      "object_repr": "黒緑青 Kuro Rokusho #0E3D32",
      "action_flag": 1,
      "change_message": "[{\"added\": {}}]"
    }
  },
  {
    "model": "admin.logentry",
    "pk": 100,
    "fields": {
      "action_time": "2022-07-13T13:01:40.593Z",
      "user": 1,
      "content_type": 1,
      "object_id": "62",
      "object_repr": "鶯茶緑 Uguisu Charoku #65663D",
      "action_flag": 1,
      "change_message": "[{\"added\": {}}]"
    }
  },
  {
    "model": "admin.logentry",
    "pk": 101,
    "fields": {
      "action_time": "2022-07-13T13:02:16.760Z",
      "user": 1,
      "content_type": 1,
      "object_id": "62",
      "object_repr": "鶯茶緑 Uguisu Charoku #65663D",
      "action_flag": 2,
      "change_message": "[{\"changed\": {\"fields\": [\"Description en\"]}}]"
    }
  },
  {
    "model": "admin.logentry",
    "pk": 102,
    "fields": {
      "action_time": "2022-07-13T13:02:49.680Z",
      "user": 1,
      "content_type": 1,
      "object_id": "3",
      "object_repr": "鶯 Uguisu #678131",
      "action_flag": 2,
      "change_message": "[{\"changed\": {\"fields\": [\"Description en\"]}}]"
    }
  },
  {
    "model": "admin.logentry",
    "pk": 103,
    "fields": {
      "action_time": "2022-07-13T13:05:05.126Z",
      "user": 1,
      "content_type": 1,
      "object_id": "63",
      "object_repr": "黄茶緑 Ki Charoku #CEBE23",
      "action_flag": 1,
      "change_message": "[{\"added\": {}}]"
    }
  },
  {
    "model": "admin.logentry",
    "pk": 104,
    "fields": {
      "action_time": "2022-07-13T13:07:02.207Z",
      "user": 1,
      "content_type": 1,
      "object_id": "64",
      "object_repr": "金茶 Kincha #DA8A0C",
      "action_flag": 1,
      "change_message": "[{\"added\": {}}]"
    }
  },
  {
    "model": "admin.logentry",
    "pk": 105,
    "fields": {
      "action_time": "2022-07-13T13:10:47.107Z",
      "user": 1,
      "content_type": 1,
      "object_id": "65",
      "object_repr": "黄口裏葉 Kikuchi Uraha #73CE75",
      "action_flag": 1,
      "change_message": "[{\"added\": {}}]"
    }
  },
  {
    "model": "admin.logentry",
    "pk": 106,
    "fields": {
      "action_time": "2022-07-13T13:14:42.138Z",
      "user": 1,
      "content_type": 1,
      "object_id": "66",
      "object_repr": "若葉 Wakaba #9FC214",
      "action_flag": 1,
      "change_message": "[{\"added\": {}}]"
    }
  },
  {
    "model": "admin.logentry",
    "pk": 107,
    "fields": {
      "action_time": "2022-07-13T13:16:39.259Z",
      "user": 1,
      "content_type": 1,
      "object_id": "67",
      "object_repr": "草緑 Souroku #5C8409",
      "action_flag": 1,
      "change_message": "[{\"added\": {}}]"
    }
  },
  {
    "model": "admin.logentry",
    "pk": 108,
    "fields": {
      "action_time": "2022-07-13T13:22:10.729Z",
      "user": 1,
      "content_type": 1,
      "object_id": "68",
      "object_repr": "焼緑青 Yaki Rokusho #496641",
      "action_flag": 1,
      "change_message": "[{\"added\": {}}]"
    }
  },
  {
    "model": "admin.logentry",
    "pk": 109,
    "fields": {
      "action_time": "2022-07-13T13:36:26.307Z",
      "user": 1,
      "content_type": 1,
      "object_id": "69",
      "object_repr": "松葉緑青 Matsuba Rokusho #49A95F",
      "action_flag": 1,
      "change_message": "[{\"added\": {}}]"
    }
  },
  {
    "model": "admin.logentry",
    "pk": 110,
    "fields": {
      "action_time": "2022-07-13T13:39:28.697Z",
      "user": 1,
      "content_type": 1,
      "object_id": "70",
      "object_repr": "緑青 Rokusho #3C884F",
      "action_flag": 1,
      "change_message": "[{\"added\": {}}]"
    }
  },
  {
    "model": "admin.logentry",
    "pk": 111,
    "fields": {
      "action_time": "2022-07-13T13:41:16.515Z",
      "user": 1,
      "content_type": 1,
      "object_id": "71",
      "object_repr": "山吹 Yamabuki #FEDA1D",
      "action_flag": 1,
      "change_message": "[{\"added\": {}}]"
    }
  },
  {
    "model": "admin.logentry",
    "pk": 112,
    "fields": {
      "action_time": "2022-07-13T13:43:30.793Z",
      "user": 1,
      "content_type": 1,
      "object_id": "72",
      "object_repr": "岩赤 Iwa Aka #DA291C",
      "action_flag": 1,
      "change_message": "[{\"added\": {}}]"
    }
  },
  {
    "model": "admin.logentry",
    "pk": 113,
    "fields": {
      "action_time": "2022-07-13T13:45:21.918Z",
      "user": 1,
      "content_type": 1,
      "object_id": "23",
      "object_repr": "岩紺 Iwa kon #293F7E",
      "action_flag": 2,
      "change_message": "[{\"changed\": {\"fields\": [\"Hex color\"]}}]"
    }
  },
  {
    "model": "admin.logentry",
    "pk": 114,
    "fields": {
      "action_time": "2022-07-13T13:47:26.553Z",
      "user": 1,
      "content_type": 2,
      "object_id": "1",
      "object_repr": "天然岩絵具 Tennen Iwaenogu 岩肌 Iwa hada (11) #F9E9D7",
      "action_flag": 1,
      "change_message": "[{\"added\": {}}]"
    }
  },
  {
    "model": "admin.logentry",
    "pk": 115,
    "fields": {
      "action_time": "2022-07-13T13:48:34.263Z",
      "user": 1,
      "content_type": 2,
      "object_id": "2",
      "object_repr": "天然岩絵具 Tennen Iwaenogu 岩金茶 Iwa Kincha (11) #D19B44",
      "action_flag": 1,
      "change_message": "[{\"added\": {}}]"
    }
  },
  {
    "model": "admin.logentry",
    "pk": 116,
    "fields": {
      "action_time": "2022-07-13T13:49:30.344Z",
      "user": 1,
      "content_type": 2,
      "object_id": "3",
      "object_repr": "天然岩絵具 Tennen Iwaenogu 丁子茶 Chojicha (11) #8E776A",
      "action_flag": 1,
      "change_message": "[{\"added\": {}}]"
    }
  },
  {
    "model": "admin.logentry",
    "pk": 117,
    "fields": {
      "action_time": "2022-07-13T13:50:36.182Z",
      "user": 1,
      "content_type": 2,
      "object_id": "4",
      "object_repr": "天然岩絵具 Tennen Iwaenogu 岩黒 Iwa Kuro (11) #272727",
      "action_flag": 1,
      "change_message": "[{\"added\": {}}]"
    }
  },
  {
    "model": "admin.logentry",
    "pk": 118,
    "fields": {
      "action_time": "2022-07-13T13:51:40.231Z",
      "user": 1,
      "content_type": 2,
      "object_id": "5",
      "object_repr": "天然岩絵具 Tennen Iwaenogu 瑪瑙末 Meno matsu (11) #F5E3D5",
      "action_flag": 1,
      "change_message": "[{\"added\": {}}]"
    }
  },
  {
    "model": "admin.logentry",
    "pk": 119,
    "fields": {
      "action_time": "2022-07-13T14:04:10.436Z",
      "user": 1,
      "content_type": 2,
      "object_id": "6",
      "object_repr": "天然岩絵具 Tennen Iwaenogu 白翠末 Hakusuimatsu (11) #E3FFF4",
      "action_flag": 1,
      "change_message": "[{\"added\": {}}]"
    }
  },
  {
    "model": "admin.logentry",
    "pk": 120,
    "fields": {
      "action_time": "2022-07-13T14:05:55.027Z",
      "user": 1,
      "content_type": 2,
      "object_id": "7",
      "object_repr": "天然岩絵具 Tennen Iwaenogu 緑瑪瑙 Midorimenou (11) #C1CEBE",
      "action_flag": 1,
      "change_message": "[{\"added\": {}}]"
    }
  },
  {
    "model": "admin.logentry",
    "pk": 121,
    "fields": {
      "action_time": "2022-07-13T14:07:10.041Z",
      "user": 1,
      "content_type": 2,
      "object_id": "8",
      "object_repr": "天然岩絵具 Tennen Iwaenogu 黄碧玉 Kihekigyoku (11) #C6C1AD",
      "action_flag": 1,
      "change_message": "[{\"added\": {}}]"
    }
  },
  {
    "model": "admin.logentry",
    "pk": 122,
    "fields": {
      "action_time": "2022-07-13T14:07:38.074Z",
      "user": 1,
      "content_type": 2,
      "object_id": "9",
      "object_repr": "天然岩絵具 Tennen Iwaenogu 桜鼠 Sakura Nezumi (11) #DBCDD3",
      "action_flag": 1,
      "change_message": "[{\"added\": {}}]"
    }
  },
  {
    "model": "admin.logentry",
    "pk": 123,
    "fields": {
      "action_time": "2022-07-13T14:08:12.853Z",
      "user": 1,
      "content_type": 2,
      "object_id": "10",
      "object_repr": "天然岩絵具 Tennen Iwaenogu 象牙色 Zougeiro (11) #FEF5E7",
      "action_flag": 1,
      "change_message": "[{\"added\": {}}]"
    }
  },
  {
    "model": "admin.logentry",
    "pk": 124,
    "fields": {
      "action_time": "2022-07-13T14:10:10.880Z",
      "user": 1,
      "content_type": 2,
      "object_id": "11",
      "object_repr": "新岩絵具 Shin Iwaenogu 岩白 Iwajiro (11) #F0EFF4",
      "action_flag": 1,
      "change_message": "[{\"added\": {}}]"
    }
  },
  {
    "model": "admin.logentry",
    "pk": 125,
    "fields": {
      "action_time": "2022-07-13T14:10:39.818Z",
      "user": 1,
      "content_type": 2,
      "object_id": "12",
      "object_repr": "新岩絵具 Shin Iwaenogu 銀鼠 Gin Nezumi (11) #A1A79F",
      "action_flag": 1,
      "change_message": "[{\"added\": {}}]"
    }
  },
  {
    "model": "admin.logentry",
    "pk": 126,
    "fields": {
      "action_time": "2022-07-13T14:11:37.185Z",
      "user": 1,
      "content_type": 2,
      "object_id": "13",
      "object_repr": "新岩絵具 Shin Iwaenogu 濃口鼠 Koikuchi Nezumi (11) #847E74",
      "action_flag": 1,
      "change_message": "[{\"added\": {}}]"
    }
  },
  {
    "model": "admin.logentry",
    "pk": 127,
    "fields": {
      "action_time": "2022-07-13T14:12:12.369Z",
      "user": 1,
      "content_type": 2,
      "object_id": "14",
      "object_repr": "新岩絵具 Shin Iwaenogu 紫鼠 Murasaki nezu (11) #CFC7D5",
      "action_flag": 1,
      "change_message": "[{\"added\": {}}]"
    }
  },
  {
    "model": "admin.logentry",
    "pk": 128,
    "fields": {
      "action_time": "2022-07-13T14:12:34.061Z",
      "user": 1,
      "content_type": 2,
      "object_id": "15",
      "object_repr": "新岩絵具 Shin Iwaenogu 岩鼠 Iwa Nezumi (11) #C7C7C7",
      "action_flag": 1,
      "change_message": "[{\"added\": {}}]"
    }
  },
  {
    "model": "admin.logentry",
    "pk": 129,
    "fields": {
      "action_time": "2022-07-13T14:13:01.726Z",
      "user": 1,
      "content_type": 2,
      "object_id": "16",
      "object_repr": "新岩絵具 Shin Iwaenogu 利久鼠 Rikyu Nezumi (11) #A9B9BB",
      "action_flag": 1,
      "change_message": "[{\"added\": {}}]"
    }
  },
  {
    "model": "admin.logentry",
    "pk": 130,
    "fields": {
      "action_time": "2022-07-13T14:14:59.422Z",
      "user": 1,
      "content_type": 2,
      "object_id": "17",
      "object_repr": "新岩絵具 Shin Iwaenogu 樺茶 Kabacha (11) #FFC42C",
      "action_flag": 1,
      "change_message": "[{\"added\": {}}]"
    }
  },
  {
    "model": "admin.logentry",
    "pk": 131,
    "fields": {
      "action_time": "2022-07-13T14:15:34.311Z",
      "user": 1,
      "content_type": 2,
      "object_id": "18",
      "object_repr": "新岩絵具 Shin Iwaenogu 赤口岱赭 Akakuchi Taisha (11) #AC4C12",
      "action_flag": 1,
      "change_message": "[{\"added\": {}}]"
    }
  },
  {
    "model": "admin.logentry",
    "pk": 132,
    "fields": {
      "action_time": "2022-07-13T14:16:08.575Z",
      "user": 1,
      "content_type": 2,
      "object_id": "19",
      "object_repr": "新岩絵具 Shin Iwaenogu 小豆茶 Azukicha (11) #572D2D",
      "action_flag": 1,
      "change_message": "[{\"added\": {}}]"
    }
  },
  {
    "model": "admin.logentry",
    "pk": 133,
    "fields": {
      "action_time": "2022-07-13T14:17:10.828Z",
      "user": 1,
      "content_type": 2,
      "object_id": "20",
      "object_repr": "新岩絵具 Shin Iwaenogu 焦茶 Kogecha (11) #453329",
      "action_flag": 1,
      "change_message": "[{\"added\": {}}]"
    }
  },
  {
    "model": "admin.logentry",
    "pk": 134,
    "fields": {
      "action_time": "2022-07-13T14:17:55.351Z",
      "user": 1,
      "content_type": 2,
      "object_id": "21",
      "object_repr": "新岩絵具 Shin Iwaenogu 黒緑青 Kuro Rokusho (11) #123D33",
      "action_flag": 1,
      "change_message": "[{\"added\": {}}]"
    }
  },
  {
    "model": "admin.logentry",
    "pk": 135,
    "fields": {
      "action_time": "2022-07-13T14:18:18.377Z",
      "user": 1,
      "content_type": 2,
      "object_id": "22",
      "object_repr": "新岩絵具 Shin Iwaenogu 鶯茶緑 Uguisu Charoku (11) #65663D",
      "action_flag": 1,
      "change_message": "[{\"added\": {}}]"
    }
  },
  {
    "model": "admin.logentry",
    "pk": 136,
    "fields": {
      "action_time": "2022-07-13T14:19:13.795Z",
      "user": 1,
      "content_type": 2,
      "object_id": "23",
      "object_repr": "新岩絵具 Shin Iwaenogu 黄茶緑 Ki Charoku (11) #B4B62A",
      "action_flag": 1,
      "change_message": "[{\"added\": {}}]"
    }
  },
  {
    "model": "admin.logentry",
    "pk": 137,
    "fields": {
      "action_time": "2022-07-13T14:20:08.574Z",
      "user": 1,
      "content_type": 2,
      "object_id": "24",
      "object_repr": "新岩絵具 Shin Iwaenogu 金茶 Kincha (11) #DA921F",
      "action_flag": 1,
      "change_message": "[{\"added\": {}}]"
    }
  },
  {
    "model": "admin.logentry",
    "pk": 138,
    "fields": {
      "action_time": "2022-07-13T14:20:38.758Z",
      "user": 1,
      "content_type": 2,
      "object_id": "25",
      "object_repr": "新岩絵具 Shin Iwaenogu 焼緑青 Yaki Rokusho (11) #374C31",
      "action_flag": 1,
      "change_message": "[{\"added\": {}}]"
    }
  },
  {
    "model": "admin.logentry",
    "pk": 139,
    "fields": {
      "action_time": "2022-07-13T14:21:11.978Z",
      "user": 1,
      "content_type": 2,
      "object_id": "26",
      "object_repr": "新岩絵具 Shin Iwaenogu 草緑 Souroku (11) #608410",
      "action_flag": 1,
      "change_message": "[{\"added\": {}}]"
    }
  },
  {
    "model": "admin.logentry",
    "pk": 140,
    "fields": {
      "action_time": "2022-07-13T14:21:33.196Z",
      "user": 1,
      "content_type": 2,
      "object_id": "27",
      "object_repr": "新岩絵具 Shin Iwaenogu 若葉 Wakaba (11) #A0C21C",
      "action_flag": 1,
      "change_message": "[{\"added\": {}}]"
    }
  },
  {
    "model": "admin.logentry",
    "pk": 141,
    "fields": {
      "action_time": "2022-07-13T14:21:45.891Z",
      "user": 1,
      "content_type": 2,
      "object_id": "27",
      "object_repr": "新岩絵具 Shin Iwaenogu 若葉 Wakaba (11) #A4C241",
      "action_flag": 2,
      "change_message": "[{\"changed\": {\"fields\": [\"Hex color\"]}}]"
    }
  },
  {
    "model": "admin.logentry",
    "pk": 142,
    "fields": {
      "action_time": "2022-07-13T14:23:00.737Z",
      "user": 1,
      "content_type": 2,
      "object_id": "28",
      "object_repr": "新岩絵具 Shin Iwaenogu 黄口裏葉 Kikuchi Uraha (11) #83CE83",
      "action_flag": 1,
      "change_message": "[{\"added\": {}}]"
    }
  },
  {
    "model": "admin.logentry",
    "pk": 143,
    "fields": {
      "action_time": "2022-07-13T14:25:39.526Z",
      "user": 1,
      "content_type": 2,
      "object_id": "29",
      "object_repr": "新岩絵具 Shin Iwaenogu 水群緑 Mizu Gunroku (11) #0A98B3",
      "action_flag": 1,
      "change_message": "[{\"added\": {}}]"
    }
  },
  {
    "model": "admin.logentry",
    "pk": 144,
    "fields": {
      "action_time": "2022-07-13T14:26:20.424Z",
      "user": 1,
      "content_type": 2,
      "object_id": "30",
      "object_repr": "新岩絵具 Shin Iwaenogu 松葉緑青 Matsuba Rokusho (11) #5BA96F",
      "action_flag": 1,
      "change_message": "[{\"added\": {}}]"
    }
  },
  {
    "model": "admin.logentry",
    "pk": 145,
    "fields": {
      "action_time": "2022-07-13T14:26:43.383Z",
      "user": 1,
      "content_type": 2,
      "object_id": "31",
      "object_repr": "新岩絵具 Shin Iwaenogu 緑青 Rokusho (11) #478857",
      "action_flag": 1,
      "change_message": "[{\"added\": {}}]"
    }
  },
  {
    "model": "admin.logentry",
    "pk": 146,
    "fields": {
      "action_time": "2022-07-13T14:28:12.403Z",
      "user": 1,
      "content_type": 2,
      "object_id": "32",
      "object_repr": "新岩絵具 Shin Iwaenogu 裏葉緑青 Uraha Rokusho (11) #CFFCDA",
      "action_flag": 1,
      "change_message": "[{\"added\": {}}]"
    }
  },
  {
    "model": "admin.logentry",
    "pk": 147,
    "fields": {
      "action_time": "2022-07-13T14:29:56.717Z",
      "user": 1,
      "content_type": 2,
      "object_id": "33",
      "object_repr": "新岩絵具 Shin Iwaenogu 水浅黄 Mizuasagi (11) #97CFEA",
      "action_flag": 1,
      "change_message": "[{\"added\": {}}]"
    }
  },
  {
    "model": "admin.logentry",
    "pk": 148,
    "fields": {
      "action_time": "2022-07-13T14:31:09.855Z",
      "user": 1,
      "content_type": 2,
      "object_id": "34",
      "object_repr": "新岩絵具 Shin Iwaenogu 浅黄群青 Asagi gunjo (11) #0B7EDE",
      "action_flag": 1,
      "change_message": "[{\"added\": {}}]"
    }
  },
  {
    "model": "admin.logentry",
    "pk": 149,
    "fields": {
      "action_time": "2022-07-13T14:33:30.179Z",
      "user": 1,
      "content_type": 2,
      "object_id": "35",
      "object_repr": "新岩絵具 Shin Iwaenogu 群青 Gunjo (11) #0059DE",
      "action_flag": 1,
      "change_message": "[{\"added\": {}}]"
    }
  },
  {
    "model": "admin.logentry",
    "pk": 150,
    "fields": {
      "action_time": "2022-07-13T14:37:07.207Z",
      "user": 1,
      "content_type": 1,
      "object_id": "73",
      "object_repr": "美群青 Bi Gunjo #39229E",
      "action_flag": 1,
      "change_message": "[{\"added\": {}}]"
    }
  },
  {
    "model": "admin.logentry",
    "pk": 151,
    "fields": {
      "action_time": "2022-07-13T14:37:35.327Z",
      "user": 1,
      "content_type": 2,
      "object_id": "36",
      "object_repr": "新岩絵具 Shin Iwaenogu 美群青 Bi Gunjo (11) #4F2FDC",
      "action_flag": 1,
      "change_message": "[{\"added\": {}}]"
    }
  },
  {
    "model": "admin.logentry",
    "pk": 152,
    "fields": {
      "action_time": "2022-07-13T14:37:56.370Z",
      "user": 1,
      "content_type": 2,
      "object_id": "37",
      "object_repr": "新岩絵具 Shin Iwaenogu 岩桃 Iwa Momo (11) #ECACCB",
      "action_flag": 1,
      "change_message": "[{\"added\": {}}]"
    }
  },
  {
    "model": "admin.logentry",
    "pk": 153,
    "fields": {
      "action_time": "2022-07-13T14:40:16.464Z",
      "user": 1,
      "content_type": 1,
      "object_id": "74",
      "object_repr": "淡口紫 Usukuchi Murasaki #B483AE",
      "action_flag": 1,
      "change_message": "[{\"added\": {}}]"
    }
  },
  {
    "model": "admin.logentry",
    "pk": 154,
    "fields": {
      "action_time": "2022-07-13T14:41:06.405Z",
      "user": 1,
      "content_type": 2,
      "object_id": "38",
      "object_repr": "新岩絵具 Shin Iwaenogu 淡口紫 Usukuchi Murasaki (11) #C992C2",
      "action_flag": 1,
      "change_message": "[{\"added\": {}}]"
    }
  },
  {
    "model": "admin.logentry",
    "pk": 155,
    "fields": {
      "action_time": "2022-07-13T14:41:55.097Z",
      "user": 1,
      "content_type": 2,
      "object_id": "39",
      "object_repr": "新岩絵具 Shin Iwaenogu 岩紺 Iwa kon (11) #304A94",
      "action_flag": 1,
      "change_message": "[{\"added\": {}}]"
    }
  },
  {
    "model": "admin.logentry",
    "pk": 156,
    "fields": {
      "action_time": "2022-07-13T14:42:54.163Z",
      "user": 1,
      "content_type": 2,
      "object_id": "40",
      "object_repr": "新岩絵具 Shin Iwaenogu 黒群青 Kuro Gunjo (11) #19285B",
      "action_flag": 1,
      "change_message": "[{\"added\": {}}]"
    }
  },
  {
    "model": "admin.logentry",
    "pk": 157,
    "fields": {
      "action_time": "2022-07-13T14:44:17.010Z",
      "user": 1,
      "content_type": 2,
      "object_id": "41",
      "object_repr": "新岩絵具 Shin Iwaenogu 岩橙 Iwa Daidai (11) #FF890F",
      "action_flag": 1,
      "change_message": "[{\"added\": {}}]"
    }
  },
  {
    "model": "admin.logentry",
    "pk": 158,
    "fields": {
      "action_time": "2022-07-13T14:45:02.669Z",
      "user": 1,
      "content_type": 2,
      "object_id": "42",
      "object_repr": "新岩絵具 Shin Iwaenogu 岩紅 Iwa Beni (11) #FF4E0D",
      "action_flag": 1,
      "change_message": "[{\"added\": {}}]"
    }
  },
  {
    "model": "admin.logentry",
    "pk": 159,
    "fields": {
      "action_time": "2022-07-13T14:45:38.988Z",
      "user": 1,
      "content_type": 2,
      "object_id": "43",
      "object_repr": "新岩絵具 Shin Iwaenogu 岩赤 Iwa Aka (11) #EF2D1F",
      "action_flag": 1,
      "change_message": "[{\"added\": {}}]"
    }
  },
  {
    "model": "admin.logentry",
    "pk": 160,
    "fields": {
      "action_time": "2022-07-13T14:46:31.185Z",
      "user": 1,
      "content_type": 2,
      "object_id": "44",
      "object_repr": "新岩絵具 Shin Iwaenogu 紅辰砂 Beni Shinsha (11) #972524",
      "action_flag": 1,
      "change_message": "[{\"added\": {}}]"
    }
  },
  {
    "model": "admin.logentry",
    "pk": 161,
    "fields": {
      "action_time": "2022-07-13T14:49:36.440Z",
      "user": 1,
      "content_type": 1,
      "object_id": "75",
      "object_repr": "淡口岩黄 Usukuchi Iwaki #FAED8E",
      "action_flag": 1,
      "change_message": "[{\"added\": {}}]"
    }
  },
  {
    "model": "admin.logentry",
    "pk": 162,
    "fields": {
      "action_time": "2022-07-13T14:50:08.845Z",
      "user": 1,
      "content_type": 2,
      "object_id": "45",
      "object_repr": "新岩絵具 Shin Iwaenogu 淡口岩黄 Usukuchi Iwaki (11) #FAED8E",
      "action_flag": 1,
      "change_message": "[{\"added\": {}}]"
    }
  },
  {
    "model": "admin.logentry",
    "pk": 163,
    "fields": {
      "action_time": "2022-07-13T14:50:50.699Z",
      "user": 1,
      "content_type": 2,
      "object_id": "46",
      "object_repr": "新岩絵具 Shin Iwaenogu 山吹 Yamabuki (11) #F3D80E",
      "action_flag": 1,
      "change_message": "[{\"added\": {}}]"
    }
  },
  {
    "model": "admin.logentry",
    "pk": 164,
    "fields": {
      "action_time": "2022-07-13T14:51:49.067Z",
      "user": 1,
      "content_type": 2,
      "object_id": "47",
      "object_repr": "新岩絵具 Shin Iwaenogu 黄土 Odo (11) #D5B85C",
      "action_flag": 1,
      "change_message": "[{\"added\": {}}]"
    }
  },
  {
    "model": "admin.logentry",
    "pk": 165,
    "fields": {
      "action_time": "2022-07-13T14:54:28.679Z",
      "user": 1,
      "content_type": 2,
      "object_id": "48",
      "object_repr": "新岩絵具 Shin Iwaenogu 岩樺 Iwa Kaba (11) #FEB11C",
      "action_flag": 1,
      "change_message": "[{\"added\": {}}]"
    }
  },
  {
    "model": "admin.logentry",
    "pk": 166,
    "fields": {
      "action_time": "2022-07-14T13:22:13.057Z",
      "user": 1,
      "content_type": 1,
      "object_id": "60",
      "object_repr": "焦茶 Kogecha #453023",
      "action_flag": 2,
      "change_message": "[{\"changed\": {\"fields\": [\"Description en\"]}}]"
    }
  },
  {
    "model": "admin.logentry",
    "pk": 167,
    "fields": {
      "action_time": "2022-07-14T13:24:33.294Z",
      "user": 1,
      "content_type": 1,
      "object_id": "69",
      "object_repr": "松葉緑青 Matsuba Rokusho #49A95F",
      "action_flag": 2,
      "change_message": "[{\"changed\": {\"fields\": [\"Description en\"]}}]"
    }
  },
  {
    "model": "admin.logentry",
    "pk": 168,
    "fields": {
      "action_time": "2022-07-14T13:24:56.358Z",
      "user": 1,
      "content_type": 1,
      "object_id": "3",
      "object_repr": "鶯 Uguisu #678131",
      "action_flag": 2,
      "change_message": "[{\"changed\": {\"fields\": [\"Description en\"]}}]"
    }
  },
  {
    "model": "auth.permission",
    "pk": 1,
    "fields": {
      "name": "Can add color",
      "content_type": 1,
      "codename": "add_color"
    }
  },
  {
    "model": "auth.permission",
    "pk": 2,
    "fields": {
      "name": "Can change color",
      "content_type": 1,
      "codename": "change_color"
    }
  },
  {
    "model": "auth.permission",
    "pk": 3,
    "fields": {
      "name": "Can delete color",
      "content_type": 1,
      "codename": "delete_color"
    }
  },
  {
    "model": "auth.permission",
    "pk": 4,
    "fields": {
      "name": "Can view color",
      "content_type": 1,
      "codename": "view_color"
    }
  },
  {
    "model": "auth.permission",
    "pk": 5,
    "fields": {
      "name": "Can add pigment",
      "content_type": 2,
      "codename": "add_pigment"
    }
  },
  {
    "model": "auth.permission",
    "pk": 6,
    "fields": {
      "name": "Can change pigment",
      "content_type": 2,
      "codename": "change_pigment"
    }
  },
  {
    "model": "auth.permission",
    "pk": 7,
    "fields": {
      "name": "Can delete pigment",
      "content_type": 2,
      "codename": "delete_pigment"
    }
  },
  {
    "model": "auth.permission",
    "pk": 8,
    "fields": {
      "name": "Can view pigment",
      "content_type": 2,
      "codename": "view_pigment"
    }
  },
  {
    "model": "auth.permission",
    "pk": 9,
    "fields": {
      "name": "Can add color family",
      "content_type": 3,
      "codename": "add_colorfamily"
    }
  },
  {
    "model": "auth.permission",
    "pk": 10,
    "fields": {
      "name": "Can change color family",
      "content_type": 3,
      "codename": "change_colorfamily"
    }
  },
  {
    "model": "auth.permission",
    "pk": 11,
    "fields": {
      "name": "Can delete color family",
      "content_type": 3,
      "codename": "delete_colorfamily"
    }
  },
  {
    "model": "auth.permission",
    "pk": 12,
    "fields": {
      "name": "Can view color family",
      "content_type": 3,
      "codename": "view_colorfamily"
    }
  },
  {
    "model": "auth.permission",
    "pk": 13,
    "fields": {
      "name": "Can add grain",
      "content_type": 4,
      "codename": "add_grain"
    }
  },
  {
    "model": "auth.permission",
    "pk": 14,
    "fields": {
      "name": "Can change grain",
      "content_type": 4,
      "codename": "change_grain"
    }
  },
  {
    "model": "auth.permission",
    "pk": 15,
    "fields": {
      "name": "Can delete grain",
      "content_type": 4,
      "codename": "delete_grain"
    }
  },
  {
    "model": "auth.permission",
    "pk": 16,
    "fields": {
      "name": "Can view grain",
      "content_type": 4,
      "codename": "view_grain"
    }
  },
  {
    "model": "auth.permission",
    "pk": 17,
    "fields": {
      "name": "Can add category",
      "content_type": 5,
      "codename": "add_category"
    }
  },
  {
    "model": "auth.permission",
    "pk": 18,
    "fields": {
      "name": "Can change category",
      "content_type": 5,
      "codename": "change_category"
    }
  },
  {
    "model": "auth.permission",
    "pk": 19,
    "fields": {
      "name": "Can delete category",
      "content_type": 5,
      "codename": "delete_category"
    }
  },
  {
    "model": "auth.permission",
    "pk": 20,
    "fields": {
      "name": "Can view category",
      "content_type": 5,
      "codename": "view_category"
    }
  },
  {
    "model": "auth.permission",
    "pk": 21,
    "fields": {
      "name": "Can add log entry",
      "content_type": 6,
      "codename": "add_logentry"
    }
  },
  {
    "model": "auth.permission",
    "pk": 22,
    "fields": {
      "name": "Can change log entry",
      "content_type": 6,
      "codename": "change_logentry"
    }
  },
  {
    "model": "auth.permission",
    "pk": 23,
    "fields": {
      "name": "Can delete log entry",
      "content_type": 6,
      "codename": "delete_logentry"
    }
  },
  {
    "model": "auth.permission",
    "pk": 24,
    "fields": {
      "name": "Can view log entry",
      "content_type": 6,
      "codename": "view_logentry"
    }
  },
  {
    "model": "auth.permission",
    "pk": 25,
    "fields": {
      "name": "Can add permission",
      "content_type": 7,
      "codename": "add_permission"
    }
  },
  {
    "model": "auth.permission",
    "pk": 26,
    "fields": {
      "name": "Can change permission",
      "content_type": 7,
      "codename": "change_permission"
    }
  },
  {
    "model": "auth.permission",
    "pk": 27,
    "fields": {
      "name": "Can delete permission",
      "content_type": 7,
      "codename": "delete_permission"
    }
  },
  {
    "model": "auth.permission",
    "pk": 28,
    "fields": {
      "name": "Can view permission",
      "content_type": 7,
      "codename": "view_permission"
    }
  },
  {
    "model": "auth.permission",
    "pk": 29,
    "fields": {
      "name": "Can add group",
      "content_type": 8,
      "codename": "add_group"
    }
  },
  {
    "model": "auth.permission",
    "pk": 30,
    "fields": {
      "name": "Can change group",
      "content_type": 8,
      "codename": "change_group"
    }
  },
  {
    "model": "auth.permission",
    "pk": 31,
    "fields": {
      "name": "Can delete group",
      "content_type": 8,
      "codename": "delete_group"
    }
  },
  {
    "model": "auth.permission",
    "pk": 32,
    "fields": {
      "name": "Can view group",
      "content_type": 8,
      "codename": "view_group"
    }
  },
  {
    "model": "auth.permission",
    "pk": 33,
    "fields": {
      "name": "Can add user",
      "content_type": 9,
      "codename": "add_user"
    }
  },
  {
    "model": "auth.permission",
    "pk": 34,
    "fields": {
      "name": "Can change user",
      "content_type": 9,
      "codename": "change_user"
    }
  },
  {
    "model": "auth.permission",
    "pk": 35,
    "fields": {
      "name": "Can delete user",
      "content_type": 9,
      "codename": "delete_user"
    }
  },
  {
    "model": "auth.permission",
    "pk": 36,
    "fields": {
      "name": "Can view user",
      "content_type": 9,
      "codename": "view_user"
    }
  },
  {
    "model": "auth.permission",
    "pk": 37,
    "fields": {
      "name": "Can add content type",
      "content_type": 10,
      "codename": "add_contenttype"
    }
  },
  {
    "model": "auth.permission",
    "pk": 38,
    "fields": {
      "name": "Can change content type",
      "content_type": 10,
      "codename": "change_contenttype"
    }
  },
  {
    "model": "auth.permission",
    "pk": 39,
    "fields": {
      "name": "Can delete content type",
      "content_type": 10,
      "codename": "delete_contenttype"
    }
  },
  {
    "model": "auth.permission",
    "pk": 40,
    "fields": {
      "name": "Can view content type",
      "content_type": 10,
      "codename": "view_contenttype"
    }
  },
  {
    "model": "auth.permission",
    "pk": 41,
    "fields": {
      "name": "Can add session",
      "content_type": 11,
      "codename": "add_session"
    }
  },
  {
    "model": "auth.permission",
    "pk": 42,
    "fields": {
      "name": "Can change session",
      "content_type": 11,
      "codename": "change_session"
    }
  },
  {
    "model": "auth.permission",
    "pk": 43,
    "fields": {
      "name": "Can delete session",
      "content_type": 11,
      "codename": "delete_session"
    }
  },
  {
    "model": "auth.permission",
    "pk": 44,
    "fields": {
      "name": "Can view session",
      "content_type": 11,
      "codename": "view_session"
    }
  },
  {
    "model": "auth.user",
    "pk": 1,
    "fields": {
      "password": "pbkdf2_sha256$320000$JoFUfUWbBRpwg3pijn58EH$FLavxcAgI52C03/6L7muviDB7s1ljErKTcPC5/nWif8=",
      "last_login": "2022-07-11T16:52:10.090Z",
      "is_superuser": true,
      "username": "annkilzer",
      "first_name": "",
      "last_name": "",
      "email": "akilzer@gmail.com",
      "is_staff": true,
      "is_active": true,
      "date_joined": "2022-07-11T16:52:04.819Z",
      "groups": [],
      "user_permissions": []
    }
  },
  {
    "model": "contenttypes.contenttype",
    "pk": 1,
    "fields": { "app_label": "colors", "model": "color" }
  },
  {
    "model": "contenttypes.contenttype",
    "pk": 2,
    "fields": { "app_label": "colors", "model": "pigment" }
  },
  {
    "model": "contenttypes.contenttype",
    "pk": 3,
    "fields": { "app_label": "colors", "model": "colorfamily" }
  },
  {
    "model": "contenttypes.contenttype",
    "pk": 4,
    "fields": { "app_label": "grains", "model": "grain" }
  },
  {
    "model": "contenttypes.contenttype",
    "pk": 5,
    "fields": { "app_label": "categories", "model": "category" }
  },
  {
    "model": "contenttypes.contenttype",
    "pk": 6,
    "fields": { "app_label": "admin", "model": "logentry" }
  },
  {
    "model": "contenttypes.contenttype",
    "pk": 7,
    "fields": { "app_label": "auth", "model": "permission" }
  },
  {
    "model": "contenttypes.contenttype",
    "pk": 8,
    "fields": { "app_label": "auth", "model": "group" }
  },
  {
    "model": "contenttypes.contenttype",
    "pk": 9,
    "fields": { "app_label": "auth", "model": "user" }
  },
  {
    "model": "contenttypes.contenttype",
    "pk": 10,
    "fields": { "app_label": "contenttypes", "model": "contenttype" }
  },
  {
    "model": "contenttypes.contenttype",
    "pk": 11,
    "fields": { "app_label": "sessions", "model": "session" }
  },
  {
    "model": "sessions.session",
    "pk": "h46585qtcwfcfwksd5yjxz07kw6g6elf",
    "fields": {
      "session_data": ".eJxVjDsOwjAQBe_iGln-b0JJnzNYXu-GBJAtxUmFuDuJlALaNzPvLWLa1ilujZc4k7gKLS6_G6b85HIAeqRyrzLXsi4zykORJ21yqMSv2-n-HUypTXuNbEKg0TrWYIF1B9Yn0zEChp6oZ-j1qFzyebQ-BwcKM3gMRhm9p534fAHiBDeA:1oAwdm:5e9jkOh9cDqQRQDvMxqthTnXDU03vOn4yTGiMGFCGzA",
      "expire_date": "2022-07-25T16:52:10.093Z"
    }
  }
]
